/*
SQLyog Ultimate v10.00 Beta1
MySQL - 5.5.24-log : Database - dev104_apidb
*********************************************************************
*/

/*!40101 SET NAMES utf8 */;

/*!40101 SET SQL_MODE=''*/;

/*!40014 SET @OLD_UNIQUE_CHECKS=@@UNIQUE_CHECKS, UNIQUE_CHECKS=0 */;
/*!40014 SET @OLD_FOREIGN_KEY_CHECKS=@@FOREIGN_KEY_CHECKS, FOREIGN_KEY_CHECKS=0 */;
/*!40101 SET @OLD_SQL_MODE=@@SQL_MODE, SQL_MODE='NO_AUTO_VALUE_ON_ZERO' */;
/*!40111 SET @OLD_SQL_NOTES=@@SQL_NOTES, SQL_NOTES=0 */;
CREATE DATABASE /*!32312 IF NOT EXISTS*/`dev104_apidb` /*!40100 DEFAULT CHARACTER SET latin1 */;

USE `dev104_apidb`;

/*Table structure for table `album` */

DROP TABLE IF EXISTS `album`;

CREATE TABLE `album` (
  `id` int(11) NOT NULL AUTO_INCREMENT,
  `artist` text NOT NULL,
  `title` text NOT NULL,
  PRIMARY KEY (`id`)
) ENGINE=MyISAM AUTO_INCREMENT=61 DEFAULT CHARSET=utf8;

/*Data for the table `album` */

insert  into `album`(`id`,`artist`,`title`) values (7,'cffggfc','fghgfh'),(2,'James Arthur','James Arthur'),(3,'Tinie  Tempah','Demonstration'),(4,'Andre Rieu','Music of the Night'),(5,'The Overtones','Saturday Night at the Movies'),(6,'Danny','Heroo boyeee'),(8,'cffggfc','fghgfh'),(9,'krish','android'),(10,'bala','designer'),(11,'SatishSingh','Developer'),(12,'RR','CTO'),(13,'asdf','asdf'),(14,'asdf..lk,kk','asdf'),(15,'plz','plz'),(16,'asdf..lk,kk','asdf'),(17,'asasas','asasasas'),(18,'plz','plz'),(19,'asasas','asasasas'),(20,'asasas','asasasassdsd'),(21,'asasas','asasasassdsd'),(22,'testdft','fghgfhgfh'),(23,'asdf..lk,kk','asdf'),(24,'asasasasas','asasasassdsd'),(25,'asasasasas','asasasassdsd'),(26,'asasasas','asas'),(27,'Huv','Test'),(28,'Huv','Test'),(29,'Hvuv','Ghcc'),(30,'testdft5565','fghgfhgfhfgfdg'),(31,'Wer','Wer'),(32,'Wer','Wer'),(33,'Android','India'),(34,'Qwerty','Qwerty'),(35,'Ggg','Qwr'),(36,'Hello','Qwertyuiop'),(37,'Hello','Qwertyuiop'),(38,'Rff','Dddd'),(39,'Hcjc','Hchc'),(40,'Qw','Df'),(41,'Hxhhcc','B bbjj'),(42,'C db','Vds'),(43,'krishnaveni','veeman'),(44,'krishnaveniV','veemanS'),(45,'satish boyee11 danny','satish boyee'),(46,'',''),(47,'',''),(48,'',''),(49,'',''),(50,'good','haro'),(51,'dfhfgh','dgfhdfgj'),(52,'dhsfgdhjsgfjdsfdsgfsdgf','jhdfsjghdkjsg'),(53,'',''),(54,'',''),(55,'',''),(56,'',''),(57,'',''),(58,'',''),(59,'',''),(60,'asdf','hello');

/*Table structure for table `capital_sources` */

DROP TABLE IF EXISTS `capital_sources`;

CREATE TABLE `capital_sources` (
  `capital_sources_id` int(4) NOT NULL AUTO_INCREMENT,
  `capital_sources_title` varchar(128) NOT NULL,
  `capital_sources_desc` varchar(256) DEFAULT NULL,
  `icon_path` varchar(256) DEFAULT NULL,
  `is_active` tinyint(1) NOT NULL,
  `create_systemuser_id` int(8) NOT NULL,
  `create_timestamp` datetime DEFAULT NULL,
  `update_systemuser_id` int(8) NOT NULL,
  `update_timestamp` timestamp NOT NULL DEFAULT CURRENT_TIMESTAMP ON UPDATE CURRENT_TIMESTAMP,
  PRIMARY KEY (`capital_sources_id`),
  UNIQUE KEY `capital_sources_id_UNIQUE` (`capital_sources_id`)
) ENGINE=InnoDB AUTO_INCREMENT=6 DEFAULT CHARSET=latin1;

/*Data for the table `capital_sources` */

insert  into `capital_sources`(`capital_sources_id`,`capital_sources_title`,`capital_sources_desc`,`icon_path`,`is_active`,`create_systemuser_id`,`create_timestamp`,`update_systemuser_id`,`update_timestamp`) values (1,'Angel/VC',NULL,NULL,1,0,NULL,0,'2016-03-02 02:40:58'),(2,'Bank Loan',NULL,NULL,1,0,NULL,0,'2016-03-02 02:40:59'),(3,'Friends & Family',NULL,NULL,1,0,NULL,0,'2016-03-02 02:40:59'),(4,'NBFC',NULL,NULL,1,0,NULL,0,'2016-03-02 02:41:00'),(5,'Private Lender',NULL,NULL,1,0,NULL,0,'2016-03-02 02:41:00');

/*Table structure for table `city` */

DROP TABLE IF EXISTS `city`;

CREATE TABLE `city` (
  `city_id` int(8) NOT NULL AUTO_INCREMENT,
  `state_id` int(8) NOT NULL,
  `city` varchar(128) NOT NULL,
  `is_active` tinyint(1) NOT NULL,
  `create_systemuser_id` int(8) NOT NULL,
  `create_timestamp` datetime DEFAULT NULL,
  `update_systemuser_id` int(8) NOT NULL,
  `update_timestamp` timestamp NOT NULL DEFAULT CURRENT_TIMESTAMP ON UPDATE CURRENT_TIMESTAMP,
  PRIMARY KEY (`city_id`),
  UNIQUE KEY `city_id_UNIQUE` (`city_id`),
  KEY `state_id` (`state_id`),
  CONSTRAINT `fk_state_id` FOREIGN KEY (`state_id`) REFERENCES `state` (`state_id`) ON DELETE NO ACTION ON UPDATE NO ACTION
) ENGINE=InnoDB AUTO_INCREMENT=1508 DEFAULT CHARSET=latin1;

/*Data for the table `city` */

insert  into `city`(`city_id`,`state_id`,`city`,`is_active`,`create_systemuser_id`,`create_timestamp`,`update_systemuser_id`,`update_timestamp`) values (1,22,'Kolhapur',1,1,NULL,1,'2016-03-07 15:52:19'),(2,2,'Port Blair',1,1,NULL,1,'2016-03-06 20:31:19'),(3,3,'Adilabad',0,0,NULL,0,'2016-03-06 20:32:56'),(4,3,'Adoni',0,0,NULL,0,'2016-03-06 20:33:20'),(5,3,'Amadalavalasa',0,0,NULL,0,'2016-03-06 20:33:20'),(6,3,'Amalapuram',0,0,NULL,0,'2016-03-06 20:35:21'),(7,3,'Anakapalle',0,0,NULL,0,'2016-03-06 20:35:21'),(8,3,'Anantapur',0,0,NULL,0,'2016-03-06 20:35:21'),(9,3,'Badepalle',0,0,NULL,0,'2016-03-06 20:35:21'),(10,3,'Banganapalle',0,0,NULL,0,'2016-03-06 20:35:21'),(11,3,'Bapatla',0,0,NULL,0,'2016-03-06 20:35:21'),(12,3,'Bellampalle',0,0,NULL,0,'2016-03-06 20:35:21'),(13,3,'Bethamcherla',0,0,NULL,0,'2016-03-06 20:35:21'),(14,3,'Bhadrachalam',0,0,NULL,0,'2016-03-06 20:35:21'),(15,3,'Bhainsa',0,0,NULL,0,'2016-03-06 20:35:21'),(16,3,'Bheemunipatnam',0,0,NULL,0,'2016-03-06 20:35:21'),(17,3,'Bhimavaram',0,0,NULL,0,'2016-03-06 20:35:21'),(18,3,'Bhongir',0,0,NULL,0,'2016-03-06 20:35:21'),(19,3,'Bobbili',0,0,NULL,0,'2016-03-06 20:35:21'),(20,3,'Bodhan',0,0,NULL,0,'2016-03-06 20:35:21'),(21,3,'Chilakaluripet',0,0,NULL,0,'2016-03-06 20:35:21'),(22,3,'Chirala',0,0,NULL,0,'2016-03-06 20:35:21'),(23,3,'Chittoor',0,0,NULL,0,'2016-03-06 20:35:21'),(24,3,'Cuddapah',0,0,NULL,0,'2016-03-06 20:35:21'),(25,3,'Devarakonda',0,0,NULL,0,'2016-03-06 20:35:21'),(26,3,'Dharmavaram',0,0,NULL,0,'2016-03-06 20:35:21'),(27,3,'Eluru',0,0,NULL,0,'2016-03-06 20:35:21'),(28,3,'Farooqnagar',0,0,NULL,0,'2016-03-06 20:35:21'),(29,3,'Gadwal',0,0,NULL,0,'2016-03-06 20:35:21'),(30,3,'Gooty',0,0,NULL,0,'2016-03-06 20:35:21'),(31,3,'Gudivada',0,0,NULL,0,'2016-03-06 20:35:21'),(32,3,'Gudur',0,0,NULL,0,'2016-03-06 20:35:21'),(33,3,'Guntakal',0,0,NULL,0,'2016-03-06 20:35:21'),(34,3,'Guntur',0,0,NULL,0,'2016-03-06 20:35:21'),(35,3,'Hanuman Junction',0,0,NULL,0,'2016-03-06 20:35:21'),(36,3,'Hindupur',0,0,NULL,0,'2016-03-06 20:35:21'),(37,3,'Hyderabad',0,0,NULL,0,'2016-03-06 20:35:21'),(38,3,'Ichchapuram',0,0,NULL,0,'2016-03-06 20:35:21'),(39,3,'Jaggaiahpet',0,0,NULL,0,'2016-03-06 20:35:21'),(40,3,'Jagtial',0,0,NULL,0,'2016-03-06 20:35:21'),(41,3,'Jammalamadugu',0,0,NULL,0,'2016-03-06 20:35:21'),(42,3,'Jangaon',0,0,NULL,0,'2016-03-06 20:35:21'),(43,3,'Kadapa',0,0,NULL,0,'2016-03-06 20:35:21'),(44,3,'Kadiri',0,0,NULL,0,'2016-03-06 20:35:21'),(45,3,'Kagaznagar',0,0,NULL,0,'2016-03-06 20:35:21'),(46,3,'Kakinada',0,0,NULL,0,'2016-03-06 20:35:21'),(47,3,'Kalyandurg',0,0,NULL,0,'2016-03-06 20:35:21'),(48,3,'Kamareddy',0,0,NULL,0,'2016-03-06 20:35:21'),(49,3,'Kandukur',0,0,NULL,0,'2016-03-06 20:35:21'),(50,3,'Karimnagar',0,0,NULL,0,'2016-03-06 20:35:21'),(51,3,'Kavali',0,0,NULL,0,'2016-03-06 20:35:21'),(52,3,'Khammam',0,0,NULL,0,'2016-03-06 20:35:21'),(53,3,'Koratla',0,0,NULL,0,'2016-03-06 20:35:21'),(54,3,'Kothagudem',0,0,NULL,0,'2016-03-06 20:35:21'),(55,3,'Kothapeta',0,0,NULL,0,'2016-03-06 20:35:21'),(56,3,'Kovvur',0,0,NULL,0,'2016-03-06 20:35:21'),(57,3,'Kurnool',0,0,NULL,0,'2016-03-06 20:35:21'),(58,3,'Kyathampalle',0,0,NULL,0,'2016-03-06 20:35:21'),(59,3,'Macherla',0,0,NULL,0,'2016-03-06 20:35:21'),(60,3,'Machilipatnam',0,0,NULL,0,'2016-03-06 20:35:21'),(61,3,'Madanapalle',0,0,NULL,0,'2016-03-06 20:35:21'),(62,3,'Mahbubnagar',0,0,NULL,0,'2016-03-06 20:35:21'),(63,3,'Mancherial',0,0,NULL,0,'2016-03-06 20:35:21'),(64,3,'Mandamarri',0,0,NULL,0,'2016-03-06 20:35:21'),(65,3,'Mandapeta',0,0,NULL,0,'2016-03-06 20:35:21'),(66,3,'Manuguru',0,0,NULL,0,'2016-03-06 20:35:21'),(67,3,'Markapur',0,0,NULL,0,'2016-03-06 20:35:21'),(68,3,'Medak',0,0,NULL,0,'2016-03-06 20:35:21'),(69,3,'Miryalaguda',0,0,NULL,0,'2016-03-06 20:35:21'),(70,3,'Mogalthur',0,0,NULL,0,'2016-03-06 20:35:21'),(71,3,'Nagari',0,0,NULL,0,'2016-03-06 20:35:21'),(72,3,'Nagarkurnool',0,0,NULL,0,'2016-03-06 20:35:21'),(73,3,'Nandyal',0,0,NULL,0,'2016-03-06 20:35:21'),(74,3,'Narasapur',0,0,NULL,0,'2016-03-06 20:35:21'),(75,3,'Narasaraopet',0,0,NULL,0,'2016-03-06 20:35:21'),(76,3,'Narayanpet',0,0,NULL,0,'2016-03-06 20:35:21'),(77,3,'Narsipatnam',0,0,NULL,0,'2016-03-06 20:35:21'),(78,3,'Nellore',0,0,NULL,0,'2016-03-06 20:35:21'),(79,3,'Nidadavole',0,0,NULL,0,'2016-03-06 20:35:21'),(80,3,'Nirmal',0,0,NULL,0,'2016-03-06 20:35:21'),(81,3,'Nizamabad',0,0,NULL,0,'2016-03-06 20:35:21'),(82,3,'Nuzvid',0,0,NULL,0,'2016-03-06 20:35:21'),(83,3,'Ongole',0,0,NULL,0,'2016-03-06 20:35:21'),(84,3,'Palacole',0,0,NULL,0,'2016-03-06 20:35:21'),(85,3,'Palasa Kasibugga',0,0,NULL,0,'2016-03-06 20:35:21'),(86,3,'Palwancha',0,0,NULL,0,'2016-03-06 20:35:21'),(87,3,'Parvathipuram',0,0,NULL,0,'2016-03-06 20:35:21'),(88,3,'Pedana',0,0,NULL,0,'2016-03-06 20:35:21'),(89,3,'Peddapuram',0,0,NULL,0,'2016-03-06 20:35:21'),(90,3,'Pithapuram',0,0,NULL,0,'2016-03-06 20:35:21'),(91,3,'Pondur',0,0,NULL,0,'2016-03-06 20:35:21'),(92,3,'Ponnur',0,0,NULL,0,'2016-03-06 20:35:21'),(93,3,'Proddatur',0,0,NULL,0,'2016-03-06 20:35:21'),(94,3,'Punganur',0,0,NULL,0,'2016-03-06 20:35:21'),(95,3,'Puttur',0,0,NULL,0,'2016-03-06 20:35:21'),(96,3,'Rajahmundry',0,0,NULL,0,'2016-03-06 20:35:21'),(97,3,'Rajam',0,0,NULL,0,'2016-03-06 20:35:21'),(98,3,'Ramachandrapuram',0,0,NULL,0,'2016-03-06 20:35:21'),(99,3,'Ramagundam',0,0,NULL,0,'2016-03-06 20:35:21'),(100,3,'Rayachoti',0,0,NULL,0,'2016-03-06 20:35:21'),(101,3,'Rayadurg',0,0,NULL,0,'2016-03-06 20:35:21'),(102,3,'Renigunta',0,0,NULL,0,'2016-03-06 20:35:21'),(103,3,'Repalle',0,0,NULL,0,'2016-03-06 20:35:21'),(104,3,'Sadasivpet',0,0,NULL,0,'2016-03-06 20:35:21'),(105,3,'Salur',0,0,NULL,0,'2016-03-06 20:35:21'),(106,3,'Samalkot',0,0,NULL,0,'2016-03-06 20:35:21'),(107,3,'Sangareddy',0,0,NULL,0,'2016-03-06 20:35:21'),(108,3,'Sattenapalle',0,0,NULL,0,'2016-03-06 20:35:21'),(109,3,'Siddipet',0,0,NULL,0,'2016-03-06 20:35:21'),(110,3,'Singapur',0,0,NULL,0,'2016-03-06 20:35:21'),(111,3,'Sircilla',0,0,NULL,0,'2016-03-06 20:35:21'),(112,3,'Srikakulam',0,0,NULL,0,'2016-03-06 20:35:21'),(113,3,'Srikalahasti',0,0,NULL,0,'2016-03-06 20:35:21'),(115,3,'Suryapet',0,0,NULL,0,'2016-03-06 20:35:21'),(116,3,'Tadepalligudem',0,0,NULL,0,'2016-03-06 20:35:21'),(117,3,'Tadpatri',0,0,NULL,0,'2016-03-06 20:35:21'),(118,3,'Tandur',0,0,NULL,0,'2016-03-06 20:35:21'),(119,3,'Tanuku',0,0,NULL,0,'2016-03-06 20:35:21'),(120,3,'Tenali',0,0,NULL,0,'2016-03-06 20:35:21'),(121,3,'Tirupati',0,0,NULL,0,'2016-03-06 20:35:21'),(122,3,'Tuni',0,0,NULL,0,'2016-03-06 20:35:21'),(123,3,'Uravakonda',0,0,NULL,0,'2016-03-06 20:35:21'),(124,3,'Venkatagiri',0,0,NULL,0,'2016-03-06 20:35:21'),(125,3,'Vicarabad',0,0,NULL,0,'2016-03-06 20:35:21'),(126,3,'Vijayawada',0,0,NULL,0,'2016-03-06 20:35:21'),(127,3,'Vinukonda',0,0,NULL,0,'2016-03-06 20:35:21'),(128,3,'Visakhapatnam',0,0,NULL,0,'2016-03-06 20:35:21'),(129,3,'Vizianagaram',0,0,NULL,0,'2016-03-06 20:35:21'),(130,3,'Wanaparthy',0,0,NULL,0,'2016-03-06 20:35:21'),(131,3,'Warangal',0,0,NULL,0,'2016-03-06 20:35:21'),(132,3,'Yellandu',0,0,NULL,0,'2016-03-06 20:35:21'),(133,3,'Yemmiganur',0,0,NULL,0,'2016-03-06 20:35:21'),(134,3,'Yerraguntla',0,0,NULL,0,'2016-03-06 20:35:21'),(135,3,'Zahirabad',0,0,NULL,0,'2016-03-06 20:35:21'),(136,3,'Rajampet',0,0,NULL,0,'2016-03-06 20:35:21'),(137,4,'Along',0,0,NULL,0,'2016-03-06 20:35:21'),(138,4,'Bomdila',0,0,NULL,0,'2016-03-06 20:35:21'),(139,4,'Itanagar',0,0,NULL,0,'2016-03-06 20:35:21'),(140,4,'Naharlagun',0,0,NULL,0,'2016-03-06 20:35:21'),(141,4,'Pasighat',0,0,NULL,0,'2016-03-06 20:35:21'),(142,5,'Abhayapuri',0,0,NULL,0,'2016-03-06 20:35:21'),(143,5,'Amguri',0,0,NULL,0,'2016-03-06 20:35:21'),(144,5,'Anandnagaar',0,0,NULL,0,'2016-03-06 20:35:21'),(145,5,'Barpeta',0,0,NULL,0,'2016-03-06 20:35:21'),(146,5,'Barpeta Road',0,0,NULL,0,'2016-03-06 20:35:21'),(147,5,'Bilasipara',0,0,NULL,0,'2016-03-06 20:35:21'),(148,5,'Bongaigaon',0,0,NULL,0,'2016-03-06 20:35:21'),(149,5,'Dhekiajuli',0,0,NULL,0,'2016-03-06 20:35:21'),(150,5,'Dhubri',0,0,NULL,0,'2016-03-06 20:35:21'),(151,5,'Dibrugarh',0,0,NULL,0,'2016-03-06 20:35:21'),(152,5,'Digboi',0,0,NULL,0,'2016-03-06 20:35:21'),(153,5,'Diphu',0,0,NULL,0,'2016-03-06 20:35:21'),(154,5,'Dispur',0,0,NULL,0,'2016-03-06 20:35:21'),(156,5,'Gauripur',0,0,NULL,0,'2016-03-06 20:35:21'),(157,5,'12lpara',0,0,NULL,0,'2016-03-06 20:35:21'),(158,5,'Golaghat',0,0,NULL,0,'2016-03-06 20:35:21'),(159,5,'Guwahati',0,0,NULL,0,'2016-03-06 20:35:21'),(160,5,'Haflong',0,0,NULL,0,'2016-03-06 20:35:21'),(161,5,'Hailakandi',0,0,NULL,0,'2016-03-06 20:35:21'),(162,5,'Hojai',0,0,NULL,0,'2016-03-06 20:35:21'),(163,5,'Jorhat',0,0,NULL,0,'2016-03-06 20:35:21'),(164,5,'Karimganj',0,0,NULL,0,'2016-03-06 20:35:21'),(165,5,'Kokrajhar',0,0,NULL,0,'2016-03-06 20:35:21'),(166,5,'Lanka',0,0,NULL,0,'2016-03-06 20:36:58'),(167,5,'Lumding',0,0,NULL,0,'2016-03-06 20:36:58'),(168,5,'Mangaldoi',0,0,NULL,0,'2016-03-06 20:36:58'),(169,5,'Mankachar',0,0,NULL,0,'2016-03-06 20:36:58'),(170,5,'Margherita',0,0,NULL,0,'2016-03-06 20:36:58'),(171,5,'Mariani',0,0,NULL,0,'2016-03-06 20:36:58'),(172,5,'Marigaon',0,0,NULL,0,'2016-03-06 20:36:58'),(173,5,'Nagaon',0,0,NULL,0,'2016-03-06 20:36:58'),(174,5,'Nalbari',0,0,NULL,0,'2016-03-06 20:36:58'),(175,5,'North Lakhimpur',0,0,NULL,0,'2016-03-06 20:36:58'),(176,5,'Rangia',0,0,NULL,0,'2016-03-06 20:36:58'),(177,5,'Sibsagar',0,0,NULL,0,'2016-03-06 20:36:58'),(178,5,'Silapathar',0,0,NULL,0,'2016-03-06 20:36:58'),(179,5,'Silchar',0,0,NULL,0,'2016-03-06 20:36:58'),(180,5,'Tezpur',0,0,NULL,0,'2016-03-06 20:36:58'),(181,5,'Tinsukia',0,0,NULL,0,'2016-03-06 20:36:58'),(182,6,'Amarpur',0,0,NULL,0,'2016-03-06 20:36:58'),(183,6,'Araria',0,0,NULL,0,'2016-03-06 20:36:58'),(184,6,'Areraj',0,0,NULL,0,'2016-03-06 20:36:58'),(185,6,'Arrah',0,0,NULL,0,'2016-03-06 20:36:58'),(186,6,'Asarganj',0,0,NULL,0,'2016-03-06 20:36:58'),(187,6,'Aurangabad',0,0,NULL,0,'2016-03-06 20:36:58'),(188,6,'Bagaha',0,0,NULL,0,'2016-03-06 20:36:58'),(189,6,'Bahadurganj',0,0,NULL,0,'2016-03-06 20:36:58'),(190,6,'Bairgania',0,0,NULL,0,'2016-03-06 20:36:58'),(191,6,'Bakhtiarpur',0,0,NULL,0,'2016-03-06 20:36:58'),(192,6,'Banka',0,0,NULL,0,'2016-03-06 20:36:58'),(193,6,'Banmankhi Bazar',0,0,NULL,0,'2016-03-06 20:36:58'),(194,6,'Barahiya',0,0,NULL,0,'2016-03-06 20:36:58'),(195,6,'Barauli',0,0,NULL,0,'2016-03-06 20:36:58'),(196,6,'Barbigha',0,0,NULL,0,'2016-03-06 20:36:58'),(197,6,'Barh',0,0,NULL,0,'2016-03-06 20:36:58'),(198,6,'Begusarai',0,0,NULL,0,'2016-03-06 20:36:58'),(199,6,'Behea',0,0,NULL,0,'2016-03-06 20:36:58'),(200,6,'Bettiah',0,0,NULL,0,'2016-03-06 20:36:58'),(201,6,'Bhabua',0,0,NULL,0,'2016-03-06 20:37:34'),(202,6,'Bhagalpur',0,0,NULL,0,'2016-03-06 20:37:34'),(203,6,'6 Sharif',0,0,NULL,0,'2016-03-06 20:37:34'),(204,6,'Bikramganj',0,0,NULL,0,'2016-03-06 20:37:34'),(205,6,'Bodh Gaya',0,0,NULL,0,'2016-03-06 20:37:34'),(206,6,'Buxar',0,0,NULL,0,'2016-03-06 20:37:34'),(207,6,'Chandan Bara',0,0,NULL,0,'2016-03-06 20:37:34'),(208,6,'Chanpatia',0,0,NULL,0,'2016-03-06 20:37:34'),(209,6,'Chhapra',0,0,NULL,0,'2016-03-06 20:37:34'),(210,6,'Colgong',0,0,NULL,0,'2016-03-06 20:37:34'),(211,6,'Dalsinghsarai',0,0,NULL,0,'2016-03-06 20:37:34'),(212,6,'Darbhanga',0,0,NULL,0,'2016-03-06 20:37:34'),(213,6,'Daudnagar',0,0,NULL,0,'2016-03-06 20:37:34'),(214,6,'Dehri-on-Sone',0,0,NULL,0,'2016-03-06 20:37:34'),(215,6,'Dhaka',0,0,NULL,0,'2016-03-06 20:37:34'),(216,6,'Dighwara',0,0,NULL,0,'2016-03-06 20:37:34'),(217,6,'Dumraon',0,0,NULL,0,'2016-03-06 20:37:34'),(218,6,'Fatwah',0,0,NULL,0,'2016-03-06 20:37:34'),(219,6,'Forbesganj',0,0,NULL,0,'2016-03-06 20:37:34'),(220,6,'Gaya',0,0,NULL,0,'2016-03-06 20:37:34'),(221,6,'Gogri Jamalpur',0,0,NULL,0,'2016-03-06 20:37:34'),(222,6,'Gopalganj',0,0,NULL,0,'2016-03-06 20:37:34'),(223,6,'Hajipur',0,0,NULL,0,'2016-03-06 20:37:34'),(224,6,'Hilsa',0,0,NULL,0,'2016-03-06 20:37:34'),(225,6,'Hisua',0,0,NULL,0,'2016-03-06 20:37:34'),(226,6,'Islampur',0,0,NULL,0,'2016-03-06 20:37:34'),(227,6,'Jagdispur',0,0,NULL,0,'2016-03-06 20:37:34'),(228,6,'Jamalpur',0,0,NULL,0,'2016-03-06 20:37:34'),(229,6,'Jamui',0,0,NULL,0,'2016-03-06 20:37:34'),(230,6,'Jehanabad',0,0,NULL,0,'2016-03-06 20:37:34'),(231,6,'Jhajha',0,0,NULL,0,'2016-03-06 20:37:34'),(232,6,'Jhanjharpur',0,0,NULL,0,'2016-03-06 20:37:34'),(233,6,'Jogabani',0,0,NULL,0,'2016-03-06 20:37:34'),(234,6,'Kanti',0,0,NULL,0,'2016-03-06 20:37:34'),(235,6,'Katihar',0,0,NULL,0,'2016-03-06 20:37:34'),(236,6,'Khagaria',0,0,NULL,0,'2016-03-06 20:37:34'),(237,6,'Kharagpur',0,0,NULL,0,'2016-03-06 20:37:34'),(238,6,'Kishanganj',0,0,NULL,0,'2016-03-06 20:37:34'),(239,6,'Lakhisarai',0,0,NULL,0,'2016-03-06 20:37:34'),(240,6,'Lalganj',0,0,NULL,0,'2016-03-06 20:37:34'),(241,6,'Madhepura',0,0,NULL,0,'2016-03-06 20:37:34'),(242,6,'Madhubani',0,0,NULL,0,'2016-03-06 20:37:34'),(243,6,'Maharajganj',0,0,NULL,0,'2016-03-06 20:37:34'),(244,6,'Mahnar Bazar',0,0,NULL,0,'2016-03-06 20:37:34'),(245,6,'Makhdumpur',0,0,NULL,0,'2016-03-06 20:37:34'),(246,6,'Maner',0,0,NULL,0,'2016-03-06 20:37:34'),(247,6,'Manihari',0,0,NULL,0,'2016-03-06 20:37:34'),(248,6,'Marhaura',0,0,NULL,0,'2016-03-06 20:37:34'),(249,6,'Masaurhi',0,0,NULL,0,'2016-03-06 20:37:34'),(250,6,'Mirganj',0,0,NULL,0,'2016-03-06 20:37:34'),(251,6,'Mokameh',0,0,NULL,0,'2016-03-06 20:37:34'),(252,6,'Motihari',0,0,NULL,0,'2016-03-06 20:37:34'),(253,6,'Motipur',0,0,NULL,0,'2016-03-06 20:37:34'),(254,6,'Munger',0,0,NULL,0,'2016-03-06 20:37:34'),(255,6,'Murliganj',0,0,NULL,0,'2016-03-06 20:37:34'),(256,6,'Muzaffarpur',0,0,NULL,0,'2016-03-06 20:37:34'),(257,6,'Narkatiaganj',0,0,NULL,0,'2016-03-06 20:37:34'),(258,6,'Naugachhia',0,0,NULL,0,'2016-03-06 20:37:34'),(259,6,'Nawada',0,0,NULL,0,'2016-03-06 20:37:34'),(260,6,'Nokha',0,0,NULL,0,'2016-03-06 20:37:34'),(261,6,'Patna',0,0,NULL,0,'2016-03-06 20:37:34'),(262,6,'Piro',0,0,NULL,0,'2016-03-06 20:37:34'),(263,6,'Purnia',0,0,NULL,0,'2016-03-06 20:37:34'),(264,6,'Rafiganj',0,0,NULL,0,'2016-03-06 20:37:34'),(265,6,'Rajgir',0,0,NULL,0,'2016-03-06 20:37:34'),(266,6,'Ramnagar',0,0,NULL,0,'2016-03-06 20:37:34'),(267,6,'Raxaul Bazar',0,0,NULL,0,'2016-03-06 20:37:34'),(268,6,'Revelganj',0,0,NULL,0,'2016-03-06 20:37:34'),(269,6,'Rosera',0,0,NULL,0,'2016-03-06 20:37:34'),(270,6,'Saharsa',0,0,NULL,0,'2016-03-06 20:37:34'),(271,6,'Samastipur',0,0,NULL,0,'2016-03-06 20:37:34'),(272,6,'Sasaram',0,0,NULL,0,'2016-03-06 20:37:34'),(273,6,'Sheikhpura',0,0,NULL,0,'2016-03-06 20:37:34'),(274,6,'Sheohar',0,0,NULL,0,'2016-03-06 20:37:34'),(275,6,'Sherghati',0,0,NULL,0,'2016-03-06 20:37:34'),(276,6,'Silao',0,0,NULL,0,'2016-03-06 20:37:34'),(277,6,'Sitamarhi',0,0,NULL,0,'2016-03-06 20:37:34'),(278,6,'Siwan',0,0,NULL,0,'2016-03-06 20:37:34'),(279,6,'Sonepur',0,0,NULL,0,'2016-03-06 20:37:34'),(280,6,'Sugauli',0,0,NULL,0,'2016-03-06 20:37:34'),(281,6,'Sultanganj',0,0,NULL,0,'2016-03-06 20:37:34'),(282,6,'Supaul',0,0,NULL,0,'2016-03-06 20:37:34'),(283,6,'Warisaliganj',0,0,NULL,0,'2016-03-06 20:37:34'),(284,7,'Ahiwara',0,0,NULL,0,'2016-03-06 20:37:34'),(285,7,'Akaltara',0,0,NULL,0,'2016-03-06 20:37:34'),(286,7,'Ambagarh Chowki',0,0,NULL,0,'2016-03-06 20:37:34'),(287,7,'Ambikapur',0,0,NULL,0,'2016-03-06 20:37:34'),(288,7,'Arang',0,0,NULL,0,'2016-03-06 20:37:34'),(289,7,'Bade Bacheli',0,0,NULL,0,'2016-03-06 20:37:34'),(290,7,'Balod',0,0,NULL,0,'2016-03-06 20:37:34'),(291,7,'Baloda Bazar',0,0,NULL,0,'2016-03-06 20:37:34'),(292,7,'Bemetra',0,0,NULL,0,'2016-03-06 20:37:34'),(293,7,'Bhatapara',0,0,NULL,0,'2016-03-06 20:37:34'),(294,7,'Bilaspur',0,0,NULL,0,'2016-03-06 20:37:34'),(295,7,'Birgaon',0,0,NULL,0,'2016-03-06 20:37:34'),(296,7,'Champa',0,0,NULL,0,'2016-03-06 20:37:34'),(297,7,'Chirmiri',0,0,NULL,0,'2016-03-06 20:37:34'),(298,7,'Dalli-Rajhara',0,0,NULL,0,'2016-03-06 20:37:34'),(299,7,'Dhamtari',0,0,NULL,0,'2016-03-06 20:37:34'),(300,7,'Dipka',0,0,NULL,0,'2016-03-06 20:37:34'),(301,7,'Dongargarh',0,0,NULL,0,'2016-03-06 20:39:21'),(302,7,'Durg-Bhilai Nagar',0,0,NULL,0,'2016-03-06 20:39:21'),(303,7,'Gobranawapara',0,0,NULL,0,'2016-03-06 20:39:21'),(304,7,'Jagdalpur',0,0,NULL,0,'2016-03-06 20:39:21'),(305,7,'Janjgir',0,0,NULL,0,'2016-03-06 20:39:21'),(306,7,'Jashpurnagar',0,0,NULL,0,'2016-03-06 20:39:21'),(307,7,'Kanker',0,0,NULL,0,'2016-03-06 20:39:21'),(308,7,'Kawardha',0,0,NULL,0,'2016-03-06 20:39:21'),(309,7,'Kondagaon',0,0,NULL,0,'2016-03-06 20:39:21'),(310,7,'Korba',0,0,NULL,0,'2016-03-06 20:39:21'),(311,7,'Mahasamund',0,0,NULL,0,'2016-03-06 20:39:21'),(312,7,'Mahendragarh',0,0,NULL,0,'2016-03-06 20:39:21'),(313,7,'Mungeli',0,0,NULL,0,'2016-03-06 20:39:21'),(314,7,'Naila Janjgir',0,0,NULL,0,'2016-03-06 20:39:21'),(315,7,'Raigarh',0,0,NULL,0,'2016-03-06 20:39:21'),(316,7,'Raipur',0,0,NULL,0,'2016-03-06 20:39:21'),(317,7,'Rajnandgaon',0,0,NULL,0,'2016-03-06 20:39:21'),(318,7,'Sakti',0,0,NULL,0,'2016-03-06 20:39:21'),(319,7,'Tilda Newra',0,0,NULL,0,'2016-03-06 20:39:21'),(320,11,'Amli',0,0,NULL,0,'2016-03-06 20:39:21'),(321,11,'Silvassa',0,0,NULL,0,'2016-03-06 20:39:21'),(322,9,'Daman and Diu',0,0,NULL,0,'2016-03-06 20:39:21'),(323,9,'Daman and Diu',0,0,NULL,0,'2016-03-06 20:39:21'),(324,10,'Asola',0,0,NULL,0,'2016-03-06 20:39:21'),(325,10,'Delhi',0,0,NULL,0,'2016-03-06 20:39:21'),(326,12,'Aldona',0,0,NULL,0,'2016-03-06 20:39:21'),(327,12,'Curchorem Cacora',0,0,NULL,0,'2016-03-06 20:39:21'),(328,12,'Madgaon',0,0,NULL,0,'2016-03-06 20:39:21'),(329,12,'Mapusa',0,0,NULL,0,'2016-03-06 20:39:21'),(330,12,'Margao',0,0,NULL,0,'2016-03-06 20:39:21'),(331,12,'Marmagao',0,0,NULL,0,'2016-03-06 20:39:21'),(332,12,'Panaji',0,0,NULL,0,'2016-03-06 20:39:21'),(333,13,'Ahmedabad',0,0,NULL,0,'2016-03-06 20:39:21'),(334,13,'Amreli',0,0,NULL,0,'2016-03-06 20:39:21'),(335,13,'Anand',0,0,NULL,0,'2016-03-06 20:39:21'),(336,13,'Ankleshwar',0,0,NULL,0,'2016-03-06 20:39:21'),(337,13,'Bharuch',0,0,NULL,0,'2016-03-06 20:39:21'),(338,13,'Bhavnagar',0,0,NULL,0,'2016-03-06 20:39:21'),(339,13,'Bhuj',0,0,NULL,0,'2016-03-06 20:39:21'),(340,13,'Cambay',0,0,NULL,0,'2016-03-06 20:39:21'),(341,13,'Dahod',0,0,NULL,0,'2016-03-06 20:39:21'),(342,13,'Deesa',0,0,NULL,0,'2016-03-06 20:39:21'),(343,13,'Dharampur',0,0,NULL,0,'2016-03-06 20:39:21'),(344,13,'Dholka',0,0,NULL,0,'2016-03-06 20:39:21'),(345,13,'Gandhinagar',0,0,NULL,0,'2016-03-06 20:39:21'),(346,13,'Godhra',0,0,NULL,0,'2016-03-06 20:39:21'),(347,13,'Himatnagar',0,0,NULL,0,'2016-03-06 20:39:21'),(348,13,'Idar',0,0,NULL,0,'2016-03-06 20:39:21'),(349,13,'Jamnagar',0,0,NULL,0,'2016-03-06 20:39:21'),(350,13,'Junagadh',0,0,NULL,0,'2016-03-06 20:39:21'),(351,13,'Kadi',0,0,NULL,0,'2016-03-06 20:39:21'),(352,13,'Kalavad',0,0,NULL,0,'2016-03-06 20:39:21'),(353,13,'Kalol',0,0,NULL,0,'2016-03-06 20:39:21'),(354,13,'Kapadvanj',0,0,NULL,0,'2016-03-06 20:39:21'),(355,13,'Karjan',0,0,NULL,0,'2016-03-06 20:39:21'),(356,13,'Keshod',0,0,NULL,0,'2016-03-06 20:39:21'),(357,13,'Khambhalia',0,0,NULL,0,'2016-03-06 20:39:21'),(358,13,'Khambhat',0,0,NULL,0,'2016-03-06 20:39:21'),(359,13,'Kheda',0,0,NULL,0,'2016-03-06 20:39:21'),(360,13,'Khedbrahma',0,0,NULL,0,'2016-03-06 20:39:21'),(361,13,'Kheralu',0,0,NULL,0,'2016-03-06 20:39:21'),(362,13,'Kodinar',0,0,NULL,0,'2016-03-06 20:39:21'),(363,13,'Lathi',0,0,NULL,0,'2016-03-06 20:39:21'),(364,13,'Limbdi',0,0,NULL,0,'2016-03-06 20:39:21'),(365,13,'Lunawada',0,0,NULL,0,'2016-03-06 20:39:21'),(366,13,'Mahesana',0,0,NULL,0,'2016-03-06 20:39:21'),(367,13,'Mahuva',0,0,NULL,0,'2016-03-06 20:39:21'),(368,13,'Manavadar',0,0,NULL,0,'2016-03-06 20:39:21'),(369,13,'Mandvi',0,0,NULL,0,'2016-03-06 20:39:21'),(370,13,'Mangrol',0,0,NULL,0,'2016-03-06 20:39:21'),(371,13,'Mansa',0,0,NULL,0,'2016-03-06 20:39:21'),(372,13,'Mehmedabad',0,0,NULL,0,'2016-03-06 20:39:21'),(373,13,'Modasa',0,0,NULL,0,'2016-03-06 20:39:21'),(374,13,'Morvi',0,0,NULL,0,'2016-03-06 20:39:21'),(375,13,'Nadiad',0,0,NULL,0,'2016-03-06 20:39:21'),(376,13,'Navsari',0,0,NULL,0,'2016-03-06 20:39:21'),(377,13,'Padra',0,0,NULL,0,'2016-03-06 20:39:21'),(378,13,'Palanpur',0,0,NULL,0,'2016-03-06 20:39:21'),(379,13,'Palitana',0,0,NULL,0,'2016-03-06 20:39:21'),(380,13,'Pardi',0,0,NULL,0,'2016-03-06 20:39:21'),(381,13,'Patan',0,0,NULL,0,'2016-03-06 20:39:21'),(382,13,'Petlad',0,0,NULL,0,'2016-03-06 20:39:21'),(383,13,'Porbandar',0,0,NULL,0,'2016-03-06 20:39:21'),(384,13,'Radhanpur',0,0,NULL,0,'2016-03-06 20:39:21'),(385,13,'Rajkot',0,0,NULL,0,'2016-03-06 20:39:21'),(386,13,'Rajpipla',0,0,NULL,0,'2016-03-06 20:39:21'),(387,13,'Rajula',0,0,NULL,0,'2016-03-06 20:39:21'),(388,13,'Ranavav',0,0,NULL,0,'2016-03-06 20:39:21'),(389,13,'Rapar',0,0,NULL,0,'2016-03-06 20:39:21'),(390,13,'Salaya',0,0,NULL,0,'2016-03-06 20:39:21'),(391,13,'Sanand',0,0,NULL,0,'2016-03-06 20:39:21'),(392,13,'Savarkundla',0,0,NULL,0,'2016-03-06 20:39:21'),(393,13,'Sidhpur',0,0,NULL,0,'2016-03-06 20:39:21'),(394,13,'Sihor',0,0,NULL,0,'2016-03-06 20:39:21'),(395,13,'Songadh',0,0,NULL,0,'2016-03-06 20:39:21'),(396,13,'Surat',0,0,NULL,0,'2016-03-06 20:39:21'),(397,13,'Talaja',0,0,NULL,0,'2016-03-06 20:39:21'),(398,13,'Thangadh',0,0,NULL,0,'2016-03-06 20:39:21'),(399,13,'Tharad',0,0,NULL,0,'2016-03-06 20:39:21'),(400,13,'Umbergaon',0,0,NULL,0,'2016-03-06 20:39:21'),(401,13,'Umreth',0,0,NULL,0,'2016-03-06 20:39:21'),(402,13,'Una',0,0,NULL,0,'2016-03-06 20:39:21'),(403,13,'Unjha',0,0,NULL,0,'2016-03-06 20:39:21'),(404,13,'Upleta',0,0,NULL,0,'2016-03-06 20:39:21'),(405,13,'Vadnagar',0,0,NULL,0,'2016-03-06 20:39:21'),(406,13,'Vadodara',0,0,NULL,0,'2016-03-06 20:39:21'),(407,13,'Valsad',0,0,NULL,0,'2016-03-06 20:39:21'),(408,13,'Vapi',0,0,NULL,0,'2016-03-06 20:39:21'),(409,13,'Vapi',0,0,NULL,0,'2016-03-06 20:39:21'),(410,13,'Veraval',0,0,NULL,0,'2016-03-06 20:39:21'),(411,13,'Vijapur',0,0,NULL,0,'2016-03-06 20:39:21'),(412,13,'Viramgam',0,0,NULL,0,'2016-03-06 20:39:21'),(413,13,'Visnagar',0,0,NULL,0,'2016-03-06 20:39:21'),(414,13,'Vyara',0,0,NULL,0,'2016-03-06 20:39:21'),(415,13,'Wadhwan',0,0,NULL,0,'2016-03-06 20:39:21'),(416,13,'Wankaner',0,0,NULL,0,'2016-03-06 20:39:21'),(417,13,'Adalaj',0,0,NULL,0,'2016-03-06 20:39:21'),(418,13,'Adityana',0,0,NULL,0,'2016-03-06 20:39:21'),(419,13,'Alang',0,0,NULL,0,'2016-03-06 20:39:21'),(420,13,'Ambaji',0,0,NULL,0,'2016-03-06 20:39:21'),(421,13,'Ambaliyasan',0,0,NULL,0,'2016-03-06 20:39:21'),(422,13,'Andada',0,0,NULL,0,'2016-03-06 20:39:21'),(423,13,'Anjar',0,0,NULL,0,'2016-03-06 20:39:21'),(424,13,'Anklav',0,0,NULL,0,'2016-03-06 20:39:21'),(425,13,'Antaliya',0,0,NULL,0,'2016-03-06 20:39:21'),(426,13,'Arambhada',0,0,NULL,0,'2016-03-06 20:39:21'),(427,13,'Atul',0,0,NULL,0,'2016-03-06 20:39:21'),(428,15,'Ballabhgarh',0,0,NULL,0,'2016-03-06 20:39:21'),(429,15,'Ambala',0,0,NULL,0,'2016-03-06 20:39:21'),(430,15,'Ambala',0,0,NULL,0,'2016-03-06 20:39:21'),(431,15,'Asankhurd',0,0,NULL,0,'2016-03-06 20:39:21'),(432,15,'Assandh',0,0,NULL,0,'2016-03-06 20:39:21'),(433,15,'Ateli',0,0,NULL,0,'2016-03-06 20:39:21'),(434,15,'Babiyal',0,0,NULL,0,'2016-03-06 20:39:21'),(435,15,'Bahadurgarh',0,0,NULL,0,'2016-03-06 20:39:21'),(436,15,'Barwala',0,0,NULL,0,'2016-03-06 20:39:21'),(437,15,'Bhiwani',0,0,NULL,0,'2016-03-06 20:39:21'),(438,15,'Charkhi Dadri',0,0,NULL,0,'2016-03-06 20:39:21'),(439,15,'Cheeka',0,0,NULL,0,'2016-03-06 20:39:21'),(440,15,'Ellenabad 2',0,0,NULL,0,'2016-03-06 20:39:21'),(441,15,'Faridabad',0,0,NULL,0,'2016-03-06 20:39:21'),(442,15,'Fatehabad',0,0,NULL,0,'2016-03-06 20:39:21'),(443,15,'Ganaur',0,0,NULL,0,'2016-03-06 20:39:21'),(444,15,'Gharaunda',0,0,NULL,0,'2016-03-06 20:39:21'),(445,15,'Gohana',0,0,NULL,0,'2016-03-06 20:39:21'),(446,15,'Gurgaon',0,0,NULL,0,'2016-03-06 20:39:21'),(447,15,'Haibat- Yamuna Nagar',0,0,NULL,0,'2016-03-06 20:39:21'),(448,15,'Hansi',0,0,NULL,0,'2016-03-06 20:39:21'),(449,15,'Hisar',0,0,NULL,0,'2016-03-06 20:39:21'),(450,15,'Hodal',0,0,NULL,0,'2016-03-06 20:39:21'),(451,15,'Jhajjar',0,0,NULL,0,'2016-03-06 20:39:21'),(452,15,'Jind',0,0,NULL,0,'2016-03-06 20:39:21'),(453,15,'Kaithal',0,0,NULL,0,'2016-03-06 20:39:21'),(454,15,'Kalan Wali',0,0,NULL,0,'2016-03-06 20:39:21'),(455,15,'Kalka',0,0,NULL,0,'2016-03-06 20:39:21'),(456,15,'Karnal',0,0,NULL,0,'2016-03-06 20:39:21'),(457,15,'Ladwa',0,0,NULL,0,'2016-03-06 20:39:21'),(458,15,'Mahendragarh',0,0,NULL,0,'2016-03-06 20:39:21'),(459,15,'Mandi Dabwali',0,0,NULL,0,'2016-03-06 20:39:21'),(460,15,'Narnaul',0,0,NULL,0,'2016-03-06 20:39:21'),(461,15,'Narwana',0,0,NULL,0,'2016-03-06 20:39:21'),(462,15,'Palwal',0,0,NULL,0,'2016-03-06 20:39:21'),(463,15,'Panchkula',0,0,NULL,0,'2016-03-06 20:39:21'),(464,15,'Panipat',0,0,NULL,0,'2016-03-06 20:39:21'),(465,15,'Pehowa',0,0,NULL,0,'2016-03-06 20:39:21'),(466,15,'Pinjore',0,0,NULL,0,'2016-03-06 20:39:21'),(467,15,'Rania',0,0,NULL,0,'2016-03-06 20:39:21'),(468,15,'Ratia',0,0,NULL,0,'2016-03-06 20:39:21'),(469,15,'Rewari',0,0,NULL,0,'2016-03-06 20:39:21'),(470,15,'Rohtak',0,0,NULL,0,'2016-03-06 20:39:21'),(471,15,'Safidon',0,0,NULL,0,'2016-03-06 20:39:21'),(472,15,'Samalkha',0,0,NULL,0,'2016-03-06 20:39:21'),(473,15,'Shahbad',0,0,NULL,0,'2016-03-06 20:39:21'),(474,15,'Sirsa',0,0,NULL,0,'2016-03-06 20:39:21'),(475,15,'Sohna',0,0,NULL,0,'2016-03-06 20:39:21'),(476,15,'Sonipat',0,0,NULL,0,'2016-03-06 20:39:21'),(477,15,'Taraori',0,0,NULL,0,'2016-03-06 20:39:21'),(478,15,'Thanesar',0,0,NULL,0,'2016-03-06 20:39:21'),(479,15,'Tohana',0,0,NULL,0,'2016-03-06 20:39:21'),(480,15,'Yamunanagar',0,0,NULL,0,'2016-03-06 20:39:21'),(481,14,'Arki',0,0,NULL,0,'2016-03-06 20:39:21'),(482,14,'Baddi',0,0,NULL,0,'2016-03-06 20:39:21'),(483,14,'Bilaspur',0,0,NULL,0,'2016-03-06 20:39:21'),(484,14,'Chamba',0,0,NULL,0,'2016-03-06 20:39:21'),(485,14,'Dalhousie',0,0,NULL,0,'2016-03-06 20:39:21'),(486,14,'Dharamsala',0,0,NULL,0,'2016-03-06 20:39:21'),(487,14,'Hamirpur',0,0,NULL,0,'2016-03-06 20:39:21'),(488,14,'Mandi',0,0,NULL,0,'2016-03-06 20:39:21'),(489,14,'Nahan',0,0,NULL,0,'2016-03-06 20:39:21'),(490,14,'Shimla',0,0,NULL,0,'2016-03-06 20:39:21'),(491,14,'Solan',0,0,NULL,0,'2016-03-06 20:39:21'),(492,14,'Sundarnagar',0,0,NULL,0,'2016-03-06 20:39:21'),(493,16,'Jammu',0,0,NULL,0,'2016-03-06 20:39:21'),(494,16,'Achabbal',0,0,NULL,0,'2016-03-06 20:39:21'),(495,16,'Akhnoor',0,0,NULL,0,'2016-03-06 20:39:21'),(496,16,'Anantnag',0,0,NULL,0,'2016-03-06 20:39:21'),(497,16,'Arnia',0,0,NULL,0,'2016-03-06 20:39:21'),(498,16,'Awantipora',0,0,NULL,0,'2016-03-06 20:39:21'),(499,16,'Bandipore',0,0,NULL,0,'2016-03-06 20:39:21'),(500,16,'Baramula',0,0,NULL,0,'2016-03-06 20:39:21'),(501,16,'Kathua',0,0,NULL,0,'2016-03-06 20:40:14'),(502,16,'Leh',0,0,NULL,0,'2016-03-06 20:40:14'),(503,16,'Punch',0,0,NULL,0,'2016-03-06 20:40:14'),(504,16,'Rajauri',0,0,NULL,0,'2016-03-06 20:40:14'),(505,16,'Sopore',0,0,NULL,0,'2016-03-06 20:40:14'),(506,16,'Srinagar',0,0,NULL,0,'2016-03-06 20:40:14'),(507,16,'Udhampur',0,0,NULL,0,'2016-03-06 20:40:14'),(508,17,'Amlabad',0,0,NULL,0,'2016-03-06 20:40:14'),(509,17,'Ara',0,0,NULL,0,'2016-03-06 20:40:14'),(510,17,'Barughutu',0,0,NULL,0,'2016-03-06 20:40:14'),(511,17,'Bokaro Steel City',0,0,NULL,0,'2016-03-06 20:40:14'),(512,17,'Chaibasa',0,0,NULL,0,'2016-03-06 20:40:14'),(513,17,'Chakradharpur',0,0,NULL,0,'2016-03-06 20:40:14'),(514,17,'Chandrapura',0,0,NULL,0,'2016-03-06 20:40:14'),(515,17,'Chatra',0,0,NULL,0,'2016-03-06 20:40:14'),(516,17,'Chirkunda',0,0,NULL,0,'2016-03-06 20:40:14'),(517,17,'Churi',0,0,NULL,0,'2016-03-06 20:40:14'),(518,17,'Daltonganj',0,0,NULL,0,'2016-03-06 20:40:14'),(519,17,'Deoghar',0,0,NULL,0,'2016-03-06 20:40:14'),(520,17,'Dhanbad',0,0,NULL,0,'2016-03-06 20:40:14'),(521,17,'Dumka',0,0,NULL,0,'2016-03-06 20:40:14'),(522,17,'Garhwa',0,0,NULL,0,'2016-03-06 20:40:14'),(523,17,'Ghatshila',0,0,NULL,0,'2016-03-06 20:40:14'),(524,17,'Giridih',0,0,NULL,0,'2016-03-06 20:40:14'),(525,17,'Godda',0,0,NULL,0,'2016-03-06 20:40:14'),(526,17,'Gomoh',0,0,NULL,0,'2016-03-06 20:40:14'),(527,17,'Gumia',0,0,NULL,0,'2016-03-06 20:40:14'),(528,17,'Gumla',0,0,NULL,0,'2016-03-06 20:40:14'),(529,17,'Hazaribag',0,0,NULL,0,'2016-03-06 20:40:14'),(530,17,'Hussainabad',0,0,NULL,0,'2016-03-06 20:40:14'),(531,17,'Jamshedpur',0,0,NULL,0,'2016-03-06 20:40:14'),(532,17,'Jamtara',0,0,NULL,0,'2016-03-06 20:40:14'),(533,17,'Jhumri Tilaiya',0,0,NULL,0,'2016-03-06 20:40:14'),(534,17,'Khunti',0,0,NULL,0,'2016-03-06 20:40:14'),(535,17,'Lohardaga',0,0,NULL,0,'2016-03-06 20:40:14'),(536,17,'Madhupur',0,0,NULL,0,'2016-03-06 20:40:14'),(537,17,'Mihijam',0,0,NULL,0,'2016-03-06 20:40:14'),(538,17,'Musabani',0,0,NULL,0,'2016-03-06 20:40:14'),(539,17,'Pakaur',0,0,NULL,0,'2016-03-06 20:40:14'),(540,17,'Patratu',0,0,NULL,0,'2016-03-06 20:40:14'),(541,17,'Phusro',0,0,NULL,0,'2016-03-06 20:40:14'),(542,17,'Ramngarh',0,0,NULL,0,'2016-03-06 20:40:14'),(543,17,'Ranchi',0,0,NULL,0,'2016-03-06 20:40:14'),(544,17,'Sahibganj',0,0,NULL,0,'2016-03-06 20:40:14'),(545,17,'Saunda',0,0,NULL,0,'2016-03-06 20:40:14'),(546,17,'Simdega',0,0,NULL,0,'2016-03-06 20:40:14'),(547,17,'Tenu Dam-cum- Kathhara',0,0,NULL,0,'2016-03-06 20:40:14'),(548,19,'Arasikere',0,0,NULL,0,'2016-03-06 20:40:14'),(549,19,'Bangalore',0,0,NULL,0,'2016-03-06 20:40:14'),(550,19,'Belgaum',0,0,NULL,0,'2016-03-06 20:40:14'),(551,19,'Bellary',0,0,NULL,0,'2016-03-06 20:40:14'),(552,19,'Chamrajnagar',0,0,NULL,0,'2016-03-06 20:40:14'),(553,19,'Chikkaballapur',0,0,NULL,0,'2016-03-06 20:40:14'),(554,19,'Chintamani',0,0,NULL,0,'2016-03-06 20:40:14'),(555,19,'Chitradurga',0,0,NULL,0,'2016-03-06 20:40:14'),(556,19,'Gulbarga',0,0,NULL,0,'2016-03-06 20:40:14'),(557,19,'Gundlupet',0,0,NULL,0,'2016-03-06 20:40:14'),(558,19,'Hassan',0,0,NULL,0,'2016-03-06 20:40:14'),(559,19,'Hospet',0,0,NULL,0,'2016-03-06 20:40:14'),(560,19,'Hubli',0,0,NULL,0,'2016-03-06 20:40:14'),(561,19,'Karkala',0,0,NULL,0,'2016-03-06 20:40:14'),(562,19,'Karwar',0,0,NULL,0,'2016-03-06 20:40:14'),(563,19,'Kolar',0,0,NULL,0,'2016-03-06 20:40:14'),(564,19,'Kota',0,0,NULL,0,'2016-03-06 20:40:14'),(565,19,'Lakshmeshwar',0,0,NULL,0,'2016-03-06 20:40:14'),(566,19,'Lingsugur',0,0,NULL,0,'2016-03-06 20:40:14'),(567,19,'Maddur',0,0,NULL,0,'2016-03-06 20:40:14'),(568,19,'Madhugiri',0,0,NULL,0,'2016-03-06 20:40:14'),(569,19,'Madikeri',0,0,NULL,0,'2016-03-06 20:40:14'),(570,19,'Magadi',0,0,NULL,0,'2016-03-06 20:40:14'),(571,19,'Mahalingpur',0,0,NULL,0,'2016-03-06 20:40:14'),(572,19,'Malavalli',0,0,NULL,0,'2016-03-06 20:40:14'),(573,19,'Malur',0,0,NULL,0,'2016-03-06 20:40:14'),(574,19,'Mandya',0,0,NULL,0,'2016-03-06 20:40:14'),(575,19,'Mangalore',0,0,NULL,0,'2016-03-06 20:40:14'),(576,19,'Manvi',0,0,NULL,0,'2016-03-06 20:40:14'),(577,19,'Mudalgi',0,0,NULL,0,'2016-03-06 20:40:14'),(578,19,'Mudbidri',0,0,NULL,0,'2016-03-06 20:40:14'),(579,19,'Muddebihal',0,0,NULL,0,'2016-03-06 20:40:14'),(580,19,'Mudhol',0,0,NULL,0,'2016-03-06 20:40:14'),(581,19,'Mulbagal',0,0,NULL,0,'2016-03-06 20:40:14'),(582,19,'Mundargi',0,0,NULL,0,'2016-03-06 20:40:14'),(583,19,'Mysore',0,0,NULL,0,'2016-03-06 20:40:14'),(584,19,'Nanjangud',0,0,NULL,0,'2016-03-06 20:40:14'),(585,19,'Pavagada',0,0,NULL,0,'2016-03-06 20:40:14'),(586,19,'Puttur',0,0,NULL,0,'2016-03-06 20:40:14'),(587,19,'Rabkavi Banhatti',0,0,NULL,0,'2016-03-06 20:40:14'),(588,19,'Raichur',0,0,NULL,0,'2016-03-06 20:40:14'),(589,19,'Ramanagaram',0,0,NULL,0,'2016-03-06 20:40:14'),(590,19,'Ramdurg',0,0,NULL,0,'2016-03-06 20:40:14'),(591,19,'Ranibennur',0,0,NULL,0,'2016-03-06 20:40:14'),(592,19,'Robertson Pet',0,0,NULL,0,'2016-03-06 20:40:14'),(593,19,'Ron',0,0,NULL,0,'2016-03-06 20:40:14'),(594,19,'Sadalgi',0,0,NULL,0,'2016-03-06 20:40:14'),(595,19,'Sagar',0,0,NULL,0,'2016-03-06 20:40:14'),(596,19,'Sakleshpur',0,0,NULL,0,'2016-03-06 20:40:14'),(597,19,'Sandur',0,0,NULL,0,'2016-03-06 20:40:14'),(598,19,'Sankeshwar',0,0,NULL,0,'2016-03-06 20:40:14'),(599,19,'Saundatti-Yellamma',0,0,NULL,0,'2016-03-06 20:40:14'),(600,19,'Savanur',0,0,NULL,0,'2016-03-06 20:40:14'),(601,19,'Sedam',0,0,NULL,0,'2016-03-06 20:40:14'),(602,19,'Shahabad',0,0,NULL,0,'2016-03-06 20:40:14'),(603,19,'Shahpur',0,0,NULL,0,'2016-03-06 20:40:14'),(604,19,'Shiggaon',0,0,NULL,0,'2016-03-06 20:40:14'),(605,19,'Shikapur',0,0,NULL,0,'2016-03-06 20:40:14'),(606,19,'Shimoga',0,0,NULL,0,'2016-03-06 20:40:14'),(607,19,'Shorapur',0,0,NULL,0,'2016-03-06 20:40:14'),(608,19,'Shrirangapattana',0,0,NULL,0,'2016-03-06 20:40:14'),(609,19,'Sidlaghatta',0,0,NULL,0,'2016-03-06 20:40:14'),(610,19,'Sindgi',0,0,NULL,0,'2016-03-06 20:40:14'),(611,19,'Sindhnur',0,0,NULL,0,'2016-03-06 20:40:14'),(612,19,'Sira',0,0,NULL,0,'2016-03-06 20:40:14'),(613,19,'Sirsi',0,0,NULL,0,'2016-03-06 20:40:14'),(614,19,'Siruguppa',0,0,NULL,0,'2016-03-06 20:40:14'),(615,19,'Srinivaspur',0,0,NULL,0,'2016-03-06 20:40:14'),(616,19,'Talikota',0,0,NULL,0,'2016-03-06 20:40:14'),(617,19,'Tarikere',0,0,NULL,0,'2016-03-06 20:40:14'),(618,19,'Tekkalakota',0,0,NULL,0,'2016-03-06 20:40:14'),(619,19,'Terdal',0,0,NULL,0,'2016-03-06 20:40:14'),(620,19,'Tiptur',0,0,NULL,0,'2016-03-06 20:40:14'),(621,19,'Tumkur',0,0,NULL,0,'2016-03-06 20:40:14'),(622,19,'Udupi',0,0,NULL,0,'2016-03-06 20:40:14'),(623,19,'Vijayapura',0,0,NULL,0,'2016-03-06 20:40:14'),(624,19,'Wadi',0,0,NULL,0,'2016-03-06 20:40:14'),(625,19,'Yadgir',0,0,NULL,0,'2016-03-06 20:40:14'),(626,18,'Adoor',0,0,NULL,0,'2016-03-06 20:40:14'),(627,18,'Akathiyoor',0,0,NULL,0,'2016-03-06 20:40:14'),(628,18,'Alappuzha',0,0,NULL,0,'2016-03-06 20:40:14'),(629,18,'Ancharakandy',0,0,NULL,0,'2016-03-06 20:40:14'),(630,18,'Aroor',0,0,NULL,0,'2016-03-06 20:40:14'),(631,18,'Ashtamichira',0,0,NULL,0,'2016-03-06 20:40:14'),(632,18,'Attingal',0,0,NULL,0,'2016-03-06 20:40:14'),(633,18,'Avinissery',0,0,NULL,0,'2016-03-06 20:40:14'),(634,18,'Chalakudy',0,0,NULL,0,'2016-03-06 20:40:14'),(635,18,'Changanassery',0,0,NULL,0,'2016-03-06 20:40:14'),(636,18,'Chendamangalam',0,0,NULL,0,'2016-03-06 20:40:14'),(637,18,'Chengannur',0,0,NULL,0,'2016-03-06 20:40:14'),(638,18,'Cherthala',0,0,NULL,0,'2016-03-06 20:40:14'),(639,18,'Cheruthazham',0,0,NULL,0,'2016-03-06 20:40:14'),(640,18,'Chittur-Thathamangalam',0,0,NULL,0,'2016-03-06 20:40:14'),(641,18,'Chockli',0,0,NULL,0,'2016-03-06 20:40:14'),(642,18,'Erattupetta',0,0,NULL,0,'2016-03-06 20:40:14'),(643,18,'Guruvayoor',0,0,NULL,0,'2016-03-06 20:40:14'),(644,18,'Irinjalakuda',0,0,NULL,0,'2016-03-06 20:40:14'),(645,18,'Kadirur',0,0,NULL,0,'2016-03-06 20:40:14'),(646,18,'Kalliasseri',0,0,NULL,0,'2016-03-06 20:40:14'),(647,18,'Kalpetta',0,0,NULL,0,'2016-03-06 20:40:14'),(648,18,'Kanhangad',0,0,NULL,0,'2016-03-06 20:40:14'),(649,18,'Kanjikkuzhi',0,0,NULL,0,'2016-03-06 20:40:14'),(650,18,'Kannur',0,0,NULL,0,'2016-03-06 20:40:14'),(651,18,'Kasaragod',0,0,NULL,0,'2016-03-06 20:40:14'),(652,18,'Kayamkulam',0,0,NULL,0,'2016-03-06 20:40:14'),(653,18,'Kochi',0,0,NULL,0,'2016-03-06 20:40:14'),(654,18,'Kodungallur',0,0,NULL,0,'2016-03-06 20:40:14'),(655,18,'Kollam',0,0,NULL,0,'2016-03-06 20:40:14'),(656,18,'Koothuparamba',0,0,NULL,0,'2016-03-06 20:40:14'),(657,18,'Kothamangalam',0,0,NULL,0,'2016-03-06 20:40:14'),(658,18,'Kottayam',0,0,NULL,0,'2016-03-06 20:40:14'),(659,18,'Kozhikode',0,0,NULL,0,'2016-03-06 20:40:14'),(660,18,'Kunnamkulam',0,0,NULL,0,'2016-03-06 20:40:14'),(661,18,'Malappuram',0,0,NULL,0,'2016-03-06 20:40:14'),(662,18,'Mattannur',0,0,NULL,0,'2016-03-06 20:40:14'),(663,18,'Mavelikkara',0,0,NULL,0,'2016-03-06 20:40:14'),(664,18,'Mavoor',0,0,NULL,0,'2016-03-06 20:40:14'),(665,18,'Muvattupuzha',0,0,NULL,0,'2016-03-06 20:40:14'),(666,18,'Nedumangad',0,0,NULL,0,'2016-03-06 20:40:14'),(667,18,'Neyyattinkara',0,0,NULL,0,'2016-03-06 20:40:14'),(668,18,'Ottappalam',0,0,NULL,0,'2016-03-06 20:40:14'),(669,18,'Palai',0,0,NULL,0,'2016-03-06 20:40:14'),(670,18,'Palakkad',0,0,NULL,0,'2016-03-06 20:40:14'),(671,18,'Panniyannur',0,0,NULL,0,'2016-03-06 20:40:14'),(672,18,'Pappinisseri',0,0,NULL,0,'2016-03-06 20:40:14'),(673,18,'Paravoor',0,0,NULL,0,'2016-03-06 20:40:14'),(674,18,'Pathanamthitta',0,0,NULL,0,'2016-03-06 20:40:14'),(675,18,'Payyannur',0,0,NULL,0,'2016-03-06 20:40:14'),(676,18,'Peringathur',0,0,NULL,0,'2016-03-06 20:40:14'),(677,18,'Perinthalmanna',0,0,NULL,0,'2016-03-06 20:40:14'),(678,18,'Perumbavoor',0,0,NULL,0,'2016-03-06 20:40:14'),(679,18,'Ponnani',0,0,NULL,0,'2016-03-06 20:40:14'),(680,18,'Punalur',0,0,NULL,0,'2016-03-06 20:40:14'),(681,18,'Quilandy',0,0,NULL,0,'2016-03-06 20:40:14'),(682,18,'Shoranur',0,0,NULL,0,'2016-03-06 20:40:14'),(683,18,'Taliparamba',0,0,NULL,0,'2016-03-06 20:40:14'),(684,18,'Thiruvalla',0,0,NULL,0,'2016-03-06 20:40:14'),(685,18,'Thiruvananthapuram',0,0,NULL,0,'2016-03-06 20:40:14'),(686,18,'Thodupuzha',0,0,NULL,0,'2016-03-06 20:40:14'),(687,18,'Thrissur',0,0,NULL,0,'2016-03-06 20:40:14'),(688,18,'Tirur',0,0,NULL,0,'2016-03-06 20:40:14'),(689,18,'Vadakara',0,0,NULL,0,'2016-03-06 20:40:14'),(690,18,'Vaikom',0,0,NULL,0,'2016-03-06 20:40:14'),(691,18,'Varkala',0,0,NULL,0,'2016-03-06 20:40:14'),(692,20,'Kavaratti',0,0,NULL,0,'2016-03-06 20:40:14'),(693,24,'Ashok Nagar',0,0,NULL,0,'2016-03-06 20:40:14'),(694,24,'Balaghat',0,0,NULL,0,'2016-03-06 20:40:14'),(695,24,'Betul',0,0,NULL,0,'2016-03-06 20:40:14'),(696,24,'Bhopal',0,0,NULL,0,'2016-03-06 20:40:14'),(697,24,'Burhanpur',0,0,NULL,0,'2016-03-06 20:40:14'),(698,24,'Chhatarpur',0,0,NULL,0,'2016-03-06 20:40:14'),(699,24,'Dabra',0,0,NULL,0,'2016-03-06 20:40:14'),(700,24,'Datia',0,0,NULL,0,'2016-03-06 20:40:14'),(701,24,'Dewas',0,0,NULL,0,'2016-03-06 20:40:14'),(702,24,'Dhar',0,0,NULL,0,'2016-03-06 20:40:14'),(703,24,'Fatehabad',0,0,NULL,0,'2016-03-06 20:40:14'),(704,24,'Gwalior',0,0,NULL,0,'2016-03-06 20:40:14'),(705,24,'Indore',0,0,NULL,0,'2016-03-06 20:40:14'),(706,24,'Itarsi',0,0,NULL,0,'2016-03-06 20:40:14'),(707,24,'Jabalpur',0,0,NULL,0,'2016-03-06 20:40:14'),(708,24,'Katni',0,0,NULL,0,'2016-03-06 20:40:14'),(709,24,'Kotma',0,0,NULL,0,'2016-03-06 20:40:14'),(710,24,'Lahar',0,0,NULL,0,'2016-03-06 20:40:14'),(711,24,'Lundi',0,0,NULL,0,'2016-03-06 20:40:14'),(712,24,'Maharajpur',0,0,NULL,0,'2016-03-06 20:40:14'),(713,24,'Mahidpur',0,0,NULL,0,'2016-03-06 20:40:14'),(714,24,'Maihar',0,0,NULL,0,'2016-03-06 20:40:14'),(715,24,'Malajkhand',0,0,NULL,0,'2016-03-06 20:40:14'),(716,24,'Manasa',0,0,NULL,0,'2016-03-06 20:40:14'),(717,24,'Manawar',0,0,NULL,0,'2016-03-06 20:40:14'),(718,24,'Mandideep',0,0,NULL,0,'2016-03-06 20:40:14'),(719,24,'Mandla',0,0,NULL,0,'2016-03-06 20:40:14'),(720,24,'Mandsaur',0,0,NULL,0,'2016-03-06 20:40:14'),(721,24,'Mauganj',0,0,NULL,0,'2016-03-06 20:40:14'),(722,24,'Mhow Cantonment',0,0,NULL,0,'2016-03-06 20:40:14'),(723,24,'Mhowgaon',0,0,NULL,0,'2016-03-06 20:40:14'),(724,24,'Morena',0,0,NULL,0,'2016-03-06 20:40:14'),(725,24,'Multai',0,0,NULL,0,'2016-03-06 20:40:14'),(726,24,'Murwara',0,0,NULL,0,'2016-03-06 20:40:14'),(727,24,'Nagda',0,0,NULL,0,'2016-03-06 20:40:14'),(728,24,'Nainpur',0,0,NULL,0,'2016-03-06 20:40:14'),(729,24,'Narsinghgarh',0,0,NULL,0,'2016-03-06 20:40:14'),(730,24,'Narsinghgarh',0,0,NULL,0,'2016-03-06 20:40:14'),(731,24,'Neemuch',0,0,NULL,0,'2016-03-06 20:40:14'),(732,24,'Nepanagar',0,0,NULL,0,'2016-03-06 20:40:14'),(733,24,'Niwari',0,0,NULL,0,'2016-03-06 20:40:14'),(734,24,'Nowgong',0,0,NULL,0,'2016-03-06 20:40:14'),(735,24,'Nowrozabad',0,0,NULL,0,'2016-03-06 20:40:14'),(736,24,'Pachore',0,0,NULL,0,'2016-03-06 20:40:14'),(737,24,'Pali',0,0,NULL,0,'2016-03-06 20:40:14'),(738,24,'Panagar',0,0,NULL,0,'2016-03-06 20:40:14'),(739,24,'Pandhurna',0,0,NULL,0,'2016-03-06 20:40:14'),(740,24,'Panna',0,0,NULL,0,'2016-03-06 20:40:14'),(741,24,'Pasan',0,0,NULL,0,'2016-03-06 20:40:14'),(742,24,'Pipariya',0,0,NULL,0,'2016-03-06 20:40:14'),(743,24,'Pithampur',0,0,NULL,0,'2016-03-06 20:40:14'),(744,24,'Porsa',0,0,NULL,0,'2016-03-06 20:40:14'),(745,24,'Prithvipur',0,0,NULL,0,'2016-03-06 20:40:14'),(746,24,'Raghogarh-Vijaypur',0,0,NULL,0,'2016-03-06 20:40:14'),(747,24,'Rahatgarh',0,0,NULL,0,'2016-03-06 20:40:14'),(748,24,'Raisen',0,0,NULL,0,'2016-03-06 20:40:14'),(749,24,'Rajgarh',0,0,NULL,0,'2016-03-06 20:40:14'),(750,24,'Ratlam',0,0,NULL,0,'2016-03-06 20:40:14'),(751,24,'Rau',0,0,NULL,0,'2016-03-06 20:40:14'),(752,24,'Rehli',0,0,NULL,0,'2016-03-06 20:40:14'),(753,24,'Rewa',0,0,NULL,0,'2016-03-06 20:40:14'),(754,24,'Sabalgarh',0,0,NULL,0,'2016-03-06 20:40:14'),(755,24,'Sagar',0,0,NULL,0,'2016-03-06 20:40:14'),(756,24,'Sanawad',0,0,NULL,0,'2016-03-06 20:40:14'),(757,24,'Sarangpur',0,0,NULL,0,'2016-03-06 20:40:14'),(758,24,'Sarni',0,0,NULL,0,'2016-03-06 20:40:14'),(759,24,'Satna',0,0,NULL,0,'2016-03-06 20:40:14'),(760,24,'Sausar',0,0,NULL,0,'2016-03-06 20:40:14'),(761,24,'Sehore',0,0,NULL,0,'2016-03-06 20:40:14'),(762,24,'Sendhwa',0,0,NULL,0,'2016-03-06 20:40:14'),(763,24,'Seoni',0,0,NULL,0,'2016-03-06 20:40:14'),(764,24,'Seoni-Malwa',0,0,NULL,0,'2016-03-06 20:40:14'),(765,24,'Shahdol',0,0,NULL,0,'2016-03-06 20:40:14'),(766,24,'Shajapur',0,0,NULL,0,'2016-03-06 20:40:14'),(767,24,'Shamgarh',0,0,NULL,0,'2016-03-06 20:40:14'),(768,24,'Sheopur',0,0,NULL,0,'2016-03-06 20:40:14'),(769,24,'Shivpuri',0,0,NULL,0,'2016-03-06 20:40:14'),(770,24,'Shujalpur',0,0,NULL,0,'2016-03-06 20:40:14'),(771,24,'Sidhi',0,0,NULL,0,'2016-03-06 20:40:14'),(772,24,'Sihora',0,0,NULL,0,'2016-03-06 20:40:14'),(773,24,'Singrauli',0,0,NULL,0,'2016-03-06 20:40:14'),(774,24,'Sironj',0,0,NULL,0,'2016-03-06 20:40:14'),(775,24,'Sohagpur',0,0,NULL,0,'2016-03-06 20:40:14'),(776,24,'Tarana',0,0,NULL,0,'2016-03-06 20:40:14'),(777,24,'Tikamgarh',0,0,NULL,0,'2016-03-06 20:40:14'),(778,24,'Ujhani',0,0,NULL,0,'2016-03-06 20:40:14'),(779,24,'Ujjain',0,0,NULL,0,'2016-03-06 20:40:14'),(780,24,'Umaria',0,0,NULL,0,'2016-03-06 20:40:14'),(781,24,'Vidisha',0,0,NULL,0,'2016-03-06 20:40:14'),(782,24,'Wara Seoni',0,0,NULL,0,'2016-03-06 20:40:14'),(783,22,'Ahmednagar',0,0,NULL,0,'2016-03-06 20:40:14'),(784,22,'Akola',0,0,NULL,0,'2016-03-06 20:40:14'),(785,22,'Amravati',0,0,NULL,0,'2016-03-06 20:40:14'),(786,22,'Aurangabad',0,0,NULL,0,'2016-03-06 20:40:14'),(787,22,'Baramati',0,0,NULL,0,'2016-03-06 20:40:14'),(788,22,'Chalisgaon',0,0,NULL,0,'2016-03-06 20:40:14'),(789,22,'Chinchani',0,0,NULL,0,'2016-03-06 20:40:14'),(790,22,'Devgarh',0,0,NULL,0,'2016-03-06 20:40:14'),(791,22,'Dhule',0,0,NULL,0,'2016-03-06 20:40:14'),(792,22,'Dombivli',0,0,NULL,0,'2016-03-06 20:40:14'),(793,22,'Durgapur',0,0,NULL,0,'2016-03-06 20:40:14'),(794,22,'Ichalkaranji',0,0,NULL,0,'2016-03-06 20:40:14'),(795,22,'Jalna',0,0,NULL,0,'2016-03-06 20:40:14'),(796,22,'Kalyan',0,0,NULL,0,'2016-03-06 20:40:14'),(797,22,'Latur',0,0,NULL,0,'2016-03-06 20:40:14'),(798,22,'Loha',0,0,NULL,0,'2016-03-06 20:40:14'),(799,22,'Lonar',0,0,NULL,0,'2016-03-06 20:40:14'),(800,22,'Lonavla',0,0,NULL,0,'2016-03-06 20:40:14'),(801,22,'Mahad',0,0,NULL,0,'2016-03-06 20:40:14'),(802,22,'Mahuli',0,0,NULL,0,'2016-03-06 20:40:14'),(803,22,'Malegaon',0,0,NULL,0,'2016-03-06 20:40:14'),(804,22,'Malkapur',0,0,NULL,0,'2016-03-06 20:40:14'),(805,22,'Manchar',0,0,NULL,0,'2016-03-06 20:40:14'),(806,22,'Mangalvedhe',0,0,NULL,0,'2016-03-06 20:40:14'),(807,22,'Mangrulpir',0,0,NULL,0,'2016-03-06 20:40:14'),(808,22,'Manjlegaon',0,0,NULL,0,'2016-03-06 20:40:14'),(809,22,'Manmad',0,0,NULL,0,'2016-03-06 20:40:14'),(810,22,'Manwath',0,0,NULL,0,'2016-03-06 20:40:14'),(811,22,'Mehkar',0,0,NULL,0,'2016-03-06 20:40:14'),(812,22,'Mhaswad',0,0,NULL,0,'2016-03-06 20:40:14'),(813,22,'Miraj',0,0,NULL,0,'2016-03-06 20:40:14'),(814,22,'Morshi',0,0,NULL,0,'2016-03-06 20:40:14'),(815,22,'Mukhed',0,0,NULL,0,'2016-03-06 20:40:14'),(816,22,'Mul',0,0,NULL,0,'2016-03-06 20:40:14'),(817,22,'Mumbai',0,0,NULL,0,'2016-03-06 20:40:14'),(818,22,'Murtijapur',0,0,NULL,0,'2016-03-06 20:40:14'),(819,22,'Nagpur',0,0,NULL,0,'2016-03-06 20:40:14'),(820,22,'Nalasopara',0,0,NULL,0,'2016-03-06 20:40:14'),(821,22,'Nanded-Waghala',0,0,NULL,0,'2016-03-06 20:40:14'),(822,22,'Nandgaon',0,0,NULL,0,'2016-03-06 20:40:14'),(823,22,'Nandura',0,0,NULL,0,'2016-03-06 20:40:14'),(824,22,'Nandurbar',0,0,NULL,0,'2016-03-06 20:40:14'),(825,22,'Narkhed',0,0,NULL,0,'2016-03-06 20:40:14'),(826,22,'Nashik',0,0,NULL,0,'2016-03-06 20:40:14'),(827,22,'Navi Mumbai',0,0,NULL,0,'2016-03-06 20:40:14'),(828,22,'Nawapur',0,0,NULL,0,'2016-03-06 20:40:14'),(829,22,'Nilanga',0,0,NULL,0,'2016-03-06 20:40:14'),(830,22,'Osmanabad',0,0,NULL,0,'2016-03-06 20:40:14'),(831,22,'Ozar',0,0,NULL,0,'2016-03-06 20:40:14'),(832,22,'Pachora',0,0,NULL,0,'2016-03-06 20:40:14'),(833,22,'Paithan',0,0,NULL,0,'2016-03-06 20:40:14'),(834,22,'Palghar',0,0,NULL,0,'2016-03-06 20:40:14'),(835,22,'Pandharkaoda',0,0,NULL,0,'2016-03-06 20:40:14'),(836,22,'Pandharpur',0,0,NULL,0,'2016-03-06 20:40:14'),(837,22,'Panvel',0,0,NULL,0,'2016-03-06 20:40:14'),(838,22,'Parbhani',0,0,NULL,0,'2016-03-06 20:40:14'),(839,22,'Parli',0,0,NULL,0,'2016-03-06 20:40:14'),(840,22,'Parola',0,0,NULL,0,'2016-03-06 20:40:14'),(841,22,'Partur',0,0,NULL,0,'2016-03-06 20:40:14'),(842,22,'Pathardi',0,0,NULL,0,'2016-03-06 20:40:14'),(843,22,'Pathri',0,0,NULL,0,'2016-03-06 20:40:14'),(844,22,'Patur',0,0,NULL,0,'2016-03-06 20:40:14'),(845,22,'Pauni',0,0,NULL,0,'2016-03-06 20:40:14'),(846,22,'Pen',0,0,NULL,0,'2016-03-06 20:40:14'),(847,22,'Phaltan',0,0,NULL,0,'2016-03-06 20:40:14'),(848,22,'Pulgaon',0,0,NULL,0,'2016-03-06 20:40:14'),(849,22,'Pune',0,0,NULL,0,'2016-03-06 20:40:14'),(850,22,'Purna',0,0,NULL,0,'2016-03-06 20:40:14'),(851,22,'Pusad',0,0,NULL,0,'2016-03-06 20:40:14'),(852,22,'Rahuri',0,0,NULL,0,'2016-03-06 20:40:14'),(853,22,'Rajura',0,0,NULL,0,'2016-03-06 20:40:14'),(854,22,'Ramtek',0,0,NULL,0,'2016-03-06 20:40:14'),(855,22,'Ratnagiri',0,0,NULL,0,'2016-03-06 20:40:14'),(856,22,'Raver',0,0,NULL,0,'2016-03-06 20:40:14'),(857,22,'Risod',0,0,NULL,0,'2016-03-06 20:40:14'),(858,22,'Sailu',0,0,NULL,0,'2016-03-06 20:40:14'),(859,22,'Sangamner',0,0,NULL,0,'2016-03-06 20:40:14'),(860,22,'Sangli',0,0,NULL,0,'2016-03-06 20:40:14'),(861,22,'Sangole',0,0,NULL,0,'2016-03-06 20:40:14'),(862,22,'Sasvad',0,0,NULL,0,'2016-03-06 20:40:14'),(863,22,'Satana',0,0,NULL,0,'2016-03-06 20:40:14'),(864,22,'Satara',0,0,NULL,0,'2016-03-06 20:40:14'),(865,22,'Savner',0,0,NULL,0,'2016-03-06 20:40:14'),(866,22,'Sawantwadi',0,0,NULL,0,'2016-03-06 20:40:14'),(867,22,'Shahade',0,0,NULL,0,'2016-03-06 20:40:14'),(868,22,'Shegaon',0,0,NULL,0,'2016-03-06 20:40:14'),(869,22,'Shendurjana',0,0,NULL,0,'2016-03-06 20:40:14'),(870,22,'Shirdi',0,0,NULL,0,'2016-03-06 20:40:14'),(871,22,'Shirpur-Warwade',0,0,NULL,0,'2016-03-06 20:40:14'),(872,22,'Shirur',0,0,NULL,0,'2016-03-06 20:40:14'),(873,22,'Shrigonda',0,0,NULL,0,'2016-03-06 20:40:14'),(874,22,'Shrirampur',0,0,NULL,0,'2016-03-06 20:40:14'),(875,22,'Sillod',0,0,NULL,0,'2016-03-06 20:40:14'),(876,22,'Sinnar',0,0,NULL,0,'2016-03-06 20:40:14'),(877,22,'Solapur',0,0,NULL,0,'2016-03-06 20:40:14'),(878,22,'Soyagaon',0,0,NULL,0,'2016-03-06 20:40:14'),(879,22,'Talegaon Dabhade',0,0,NULL,0,'2016-03-06 20:40:14'),(880,22,'Talode',0,0,NULL,0,'2016-03-06 20:40:14'),(881,22,'Tasgaon',0,0,NULL,0,'2016-03-06 20:40:14'),(882,22,'Tirora',0,0,NULL,0,'2016-03-06 20:40:14'),(883,22,'Tuljapur',0,0,NULL,0,'2016-03-06 20:40:14'),(884,22,'Tumsar',0,0,NULL,0,'2016-03-06 20:40:14'),(885,22,'Uran',0,0,NULL,0,'2016-03-06 20:40:14'),(886,22,'Uran Islampur',0,0,NULL,0,'2016-03-06 20:40:14'),(887,22,'Wadgaon Road',0,0,NULL,0,'2016-03-06 20:40:14'),(888,22,'Wai',0,0,NULL,0,'2016-03-06 20:40:14'),(889,22,'Wani',0,0,NULL,0,'2016-03-06 20:40:14'),(890,22,'Wardha',0,0,NULL,0,'2016-03-06 20:40:14'),(891,22,'Warora',0,0,NULL,0,'2016-03-06 20:40:14'),(892,22,'Warud',0,0,NULL,0,'2016-03-06 20:40:14'),(893,22,'Washim',0,0,NULL,0,'2016-03-06 20:40:14'),(894,22,'Yevla',0,0,NULL,0,'2016-03-06 20:40:14'),(895,22,'Uchgaon',0,0,NULL,0,'2016-03-06 20:40:14'),(896,22,'Udgir',0,0,NULL,0,'2016-03-06 20:40:14'),(897,22,'Umarga',0,0,NULL,0,'2016-03-06 20:40:14'),(898,22,'Umarkhed',0,0,NULL,0,'2016-03-06 20:40:14'),(899,22,'Umred',0,0,NULL,0,'2016-03-06 20:40:14'),(900,22,'Vadgaon Kasba',0,0,NULL,0,'2016-03-06 20:40:14'),(901,22,'Vaijapur',0,0,NULL,0,'2016-03-06 20:40:14'),(902,22,'Vasai',0,0,NULL,0,'2016-03-06 20:40:14'),(903,22,'Virar',0,0,NULL,0,'2016-03-06 20:40:14'),(904,22,'Vita',0,0,NULL,0,'2016-03-06 20:40:14'),(905,22,'Yavatmal',0,0,NULL,0,'2016-03-06 20:40:14'),(906,22,'Yawal',0,0,NULL,0,'2016-03-06 20:40:14'),(907,23,'Imphal',0,0,NULL,0,'2016-03-06 20:40:14'),(908,23,'Kakching',0,0,NULL,0,'2016-03-06 20:40:14'),(909,23,'Lilong',0,0,NULL,0,'2016-03-06 20:40:14'),(910,23,'Mayang Imphal',0,0,NULL,0,'2016-03-06 20:40:14'),(911,23,'Thoubal',0,0,NULL,0,'2016-03-06 20:40:14'),(912,21,'Jowai',0,0,NULL,0,'2016-03-06 20:40:14'),(913,21,'Nongstoin',0,0,NULL,0,'2016-03-06 20:40:14'),(914,21,'Shillong',0,0,NULL,0,'2016-03-06 20:40:14'),(915,21,'Tura',0,0,NULL,0,'2016-03-06 20:40:14'),(916,25,'Aizawl',0,0,NULL,0,'2016-03-06 20:40:14'),(917,25,'Champhai',0,0,NULL,0,'2016-03-06 20:40:14'),(918,25,'Lunglei',0,0,NULL,0,'2016-03-06 20:40:14'),(919,25,'Saiha',0,0,NULL,0,'2016-03-06 20:40:14'),(920,26,'Dimapur',0,0,NULL,0,'2016-03-06 20:40:14'),(921,26,'Kohima',0,0,NULL,0,'2016-03-06 20:40:14'),(922,26,'Mokokchung',0,0,NULL,0,'2016-03-06 20:40:14'),(923,26,'Tuensang',0,0,NULL,0,'2016-03-06 20:40:14'),(924,26,'Wokha',0,0,NULL,0,'2016-03-06 20:40:14'),(925,26,'Zunheboto',0,0,NULL,0,'2016-03-06 20:40:14'),(950,28,'Anandapur',0,0,NULL,0,'2016-03-06 20:40:14'),(951,28,'Anugul',0,0,NULL,0,'2016-03-06 20:40:14'),(952,28,'Asika',0,0,NULL,0,'2016-03-06 20:40:14'),(953,28,'Balangir',0,0,NULL,0,'2016-03-06 20:40:14'),(954,28,'Balasore',0,0,NULL,0,'2016-03-06 20:40:14'),(955,28,'Baleshwar',0,0,NULL,0,'2016-03-06 20:40:14'),(956,28,'Bamra',0,0,NULL,0,'2016-03-06 20:40:14'),(957,28,'Barbil',0,0,NULL,0,'2016-03-06 20:40:14'),(958,28,'Bargarh',0,0,NULL,0,'2016-03-06 20:40:14'),(959,28,'Bargarh',0,0,NULL,0,'2016-03-06 20:40:14'),(960,28,'Baripada',0,0,NULL,0,'2016-03-06 20:40:14'),(961,28,'Basudebpur',0,0,NULL,0,'2016-03-06 20:40:14'),(962,28,'Belpahar',0,0,NULL,0,'2016-03-06 20:40:14'),(963,28,'Bhadrak',0,0,NULL,0,'2016-03-06 20:40:14'),(964,28,'Bhawanipatna',0,0,NULL,0,'2016-03-06 20:40:14'),(965,28,'Bhuban',0,0,NULL,0,'2016-03-06 20:40:14'),(966,28,'Bhubaneswar',0,0,NULL,0,'2016-03-06 20:40:14'),(967,28,'Biramitrapur',0,0,NULL,0,'2016-03-06 20:40:14'),(968,28,'Brahmapur',0,0,NULL,0,'2016-03-06 20:40:14'),(969,28,'Brajrajnagar',0,0,NULL,0,'2016-03-06 20:40:14'),(970,28,'Byasanagar',0,0,NULL,0,'2016-03-06 20:40:14'),(971,28,'Cuttack',0,0,NULL,0,'2016-03-06 20:40:14'),(972,28,'Debagarh',0,0,NULL,0,'2016-03-06 20:40:14'),(973,28,'Dhenkanal',0,0,NULL,0,'2016-03-06 20:40:14'),(974,28,'Gunupur',0,0,NULL,0,'2016-03-06 20:40:14'),(975,28,'Hinjilicut',0,0,NULL,0,'2016-03-06 20:40:14'),(976,28,'Jagatsinghapur',0,0,NULL,0,'2016-03-06 20:40:14'),(977,28,'Jajapur',0,0,NULL,0,'2016-03-06 20:40:14'),(978,28,'Jaleswar',0,0,NULL,0,'2016-03-06 20:40:14'),(979,28,'Jatani',0,0,NULL,0,'2016-03-06 20:40:14'),(980,28,'Jeypur',0,0,NULL,0,'2016-03-06 20:40:14'),(981,28,'Jharsuguda',0,0,NULL,0,'2016-03-06 20:40:14'),(982,28,'Joda',0,0,NULL,0,'2016-03-06 20:40:14'),(983,28,'Kantabanji',0,0,NULL,0,'2016-03-06 20:40:14'),(984,28,'Karanjia',0,0,NULL,0,'2016-03-06 20:40:14'),(985,28,'Kendrapara',0,0,NULL,0,'2016-03-06 20:40:14'),(986,28,'Kendujhar',0,0,NULL,0,'2016-03-06 20:40:14'),(987,28,'Khordha',0,0,NULL,0,'2016-03-06 20:40:14'),(988,28,'Koraput',0,0,NULL,0,'2016-03-06 20:40:14'),(989,28,'Malkangiri',0,0,NULL,0,'2016-03-06 20:40:14'),(990,28,'Nabarangapur',0,0,NULL,0,'2016-03-06 20:40:14'),(991,28,'Paradip',0,0,NULL,0,'2016-03-06 20:40:14'),(992,28,'Parlakhemundi',0,0,NULL,0,'2016-03-06 20:40:14'),(993,28,'Pattamundai',0,0,NULL,0,'2016-03-06 20:40:14'),(994,28,'Phulabani',0,0,NULL,0,'2016-03-06 20:40:14'),(995,28,'Puri',0,0,NULL,0,'2016-03-06 20:40:14'),(996,28,'Rairangpur',0,0,NULL,0,'2016-03-06 20:40:14'),(997,28,'Rajagangapur',0,0,NULL,0,'2016-03-06 20:40:14'),(998,28,'Raurkela',0,0,NULL,0,'2016-03-06 20:40:14'),(999,28,'Rayagada',0,0,NULL,0,'2016-03-06 20:40:14'),(1000,28,'Sambalpur',0,0,NULL,0,'2016-03-06 20:40:14'),(1001,28,'Soro',0,0,NULL,0,'2016-03-06 20:40:14'),(1002,28,'Sunabeda',0,0,NULL,0,'2016-03-06 20:40:14'),(1003,28,'Sundargarh',0,0,NULL,0,'2016-03-06 20:40:14'),(1004,28,'Talcher',0,0,NULL,0,'2016-03-06 20:40:14'),(1005,28,'Titlagarh',0,0,NULL,0,'2016-03-06 20:40:14'),(1006,28,'Umarkote',0,0,NULL,0,'2016-03-06 20:40:14'),(1007,30,'Karaikal',0,0,NULL,0,'2016-03-06 20:40:14'),(1008,30,'Mahe',0,0,NULL,0,'2016-03-06 20:40:14'),(1009,30,'30',0,0,NULL,0,'2016-03-06 20:40:14'),(1010,30,'Yanam',0,0,NULL,0,'2016-03-06 20:40:14'),(1011,29,'Ahmedgarh',0,0,NULL,0,'2016-03-06 20:40:14'),(1012,29,'Amritsar',0,0,NULL,0,'2016-03-06 20:40:14'),(1013,29,'Barnala',0,0,NULL,0,'2016-03-06 20:40:14'),(1014,29,'Batala',0,0,NULL,0,'2016-03-06 20:40:14'),(1015,29,'Bathinda',0,0,NULL,0,'2016-03-06 20:40:14'),(1016,29,'Bhagha Purana',0,0,NULL,0,'2016-03-06 20:40:14'),(1017,29,'Budhlada',0,0,NULL,0,'2016-03-06 20:40:14'),(1018,29,'Chandigarh',0,0,NULL,0,'2016-03-06 20:40:14'),(1019,29,'Dasua',0,0,NULL,0,'2016-03-06 20:40:14'),(1020,29,'Dhuri',0,0,NULL,0,'2016-03-06 20:40:14'),(1021,29,'Dinanagar',0,0,NULL,0,'2016-03-06 20:40:14'),(1022,29,'Faridkot',0,0,NULL,0,'2016-03-06 20:40:14'),(1023,29,'Fazilka',0,0,NULL,0,'2016-03-06 20:40:14'),(1024,29,'Firozpur',0,0,NULL,0,'2016-03-06 20:40:14'),(1025,29,'Firozpur Cantt.',0,0,NULL,0,'2016-03-06 20:40:14'),(1026,29,'Giddarbaha',0,0,NULL,0,'2016-03-06 20:40:14'),(1027,29,'Gobindgarh',0,0,NULL,0,'2016-03-06 20:40:14'),(1028,29,'Gurdaspur',0,0,NULL,0,'2016-03-06 20:40:14'),(1029,29,'Hoshiarpur',0,0,NULL,0,'2016-03-06 20:40:14'),(1030,29,'Jagraon',0,0,NULL,0,'2016-03-06 20:40:14'),(1031,29,'Jaitu',0,0,NULL,0,'2016-03-06 20:40:14'),(1032,29,'Jalalabad',0,0,NULL,0,'2016-03-06 20:40:14'),(1033,29,'Jalandhar',0,0,NULL,0,'2016-03-06 20:40:14'),(1034,29,'Jalandhar Cantt.',0,0,NULL,0,'2016-03-06 20:40:14'),(1035,29,'Jandiala',0,0,NULL,0,'2016-03-06 20:40:14'),(1036,29,'Kapurthala',0,0,NULL,0,'2016-03-06 20:40:14'),(1037,29,'Karoran',0,0,NULL,0,'2016-03-06 20:40:14'),(1038,29,'Kartarpur',0,0,NULL,0,'2016-03-06 20:40:14'),(1039,29,'Khanna',0,0,NULL,0,'2016-03-06 20:40:14'),(1040,29,'Kharar',0,0,NULL,0,'2016-03-06 20:40:14'),(1041,29,'Kot Kapura',0,0,NULL,0,'2016-03-06 20:40:14'),(1042,29,'Kurali',0,0,NULL,0,'2016-03-06 20:40:14'),(1043,29,'Longowal',0,0,NULL,0,'2016-03-06 20:40:14'),(1044,29,'Ludhiana',0,0,NULL,0,'2016-03-06 20:40:14'),(1045,29,'Malerkotla',0,0,NULL,0,'2016-03-06 20:40:14'),(1046,29,'Malout',0,0,NULL,0,'2016-03-06 20:40:14'),(1047,29,'Mansa',0,0,NULL,0,'2016-03-06 20:40:14'),(1048,29,'Maur',0,0,NULL,0,'2016-03-06 20:40:14'),(1049,29,'Moga',0,0,NULL,0,'2016-03-06 20:40:14'),(1050,29,'Mohali',0,0,NULL,0,'2016-03-06 20:40:14'),(1051,29,'Morinda',0,0,NULL,0,'2016-03-06 20:40:14'),(1052,29,'Mukerian',0,0,NULL,0,'2016-03-06 20:40:14'),(1053,29,'Muktsar',0,0,NULL,0,'2016-03-06 20:40:14'),(1054,29,'Nabha',0,0,NULL,0,'2016-03-06 20:40:14'),(1055,29,'Nakodar',0,0,NULL,0,'2016-03-06 20:40:14'),(1056,29,'Nangal',0,0,NULL,0,'2016-03-06 20:40:14'),(1057,29,'Nawanshahr',0,0,NULL,0,'2016-03-06 20:40:14'),(1058,29,'Pathankot',0,0,NULL,0,'2016-03-06 20:40:14'),(1059,29,'Patiala',0,0,NULL,0,'2016-03-06 20:40:14'),(1060,29,'Patran',0,0,NULL,0,'2016-03-06 20:40:14'),(1061,29,'Patti',0,0,NULL,0,'2016-03-06 20:40:14'),(1062,29,'Phagwara',0,0,NULL,0,'2016-03-06 20:40:14'),(1063,29,'Phillaur',0,0,NULL,0,'2016-03-06 20:40:14'),(1064,29,'Qadian',0,0,NULL,0,'2016-03-06 20:40:14'),(1065,29,'Raikot',0,0,NULL,0,'2016-03-06 20:40:14'),(1066,29,'Rajpura',0,0,NULL,0,'2016-03-06 20:40:14'),(1067,29,'Rampura Phul',0,0,NULL,0,'2016-03-06 20:40:14'),(1068,29,'Rupnagar',0,0,NULL,0,'2016-03-06 20:40:14'),(1069,29,'Samana',0,0,NULL,0,'2016-03-06 20:40:14'),(1070,29,'Sangrur',0,0,NULL,0,'2016-03-06 20:40:14'),(1071,29,'Sirhind Fatehgarh Sahib',0,0,NULL,0,'2016-03-06 20:40:14'),(1072,29,'Sujanpur',0,0,NULL,0,'2016-03-06 20:40:14'),(1073,29,'Sunam',0,0,NULL,0,'2016-03-06 20:40:14'),(1074,29,'Talwara',0,0,NULL,0,'2016-03-06 20:40:14'),(1075,29,'Tarn Taran',0,0,NULL,0,'2016-03-06 20:40:14'),(1076,29,'Urmar Tanda',0,0,NULL,0,'2016-03-06 20:40:14'),(1077,29,'Zira',0,0,NULL,0,'2016-03-06 20:40:14'),(1078,29,'Zirakpur',0,0,NULL,0,'2016-03-06 20:40:14'),(1079,31,'Bali',0,0,NULL,0,'2016-03-06 20:40:14'),(1080,31,'Banswara',0,0,NULL,0,'2016-03-06 20:40:14'),(1081,31,'Ajmer',0,0,NULL,0,'2016-03-06 20:40:14'),(1082,31,'Alwar',0,0,NULL,0,'2016-03-06 20:40:14'),(1083,31,'Bandikui',0,0,NULL,0,'2016-03-06 20:40:14'),(1084,31,'Baran',0,0,NULL,0,'2016-03-06 20:40:14'),(1085,31,'Barmer',0,0,NULL,0,'2016-03-06 20:40:14'),(1086,31,'Bikaner',0,0,NULL,0,'2016-03-06 20:40:14'),(1087,31,'Fatehpur',0,0,NULL,0,'2016-03-06 20:40:14'),(1088,31,'Jaipur',0,0,NULL,0,'2016-03-06 20:40:14'),(1089,31,'Jaisalmer',0,0,NULL,0,'2016-03-06 20:40:14'),(1090,31,'Jodhpur',0,0,NULL,0,'2016-03-06 20:40:14'),(1091,31,'Kota',0,0,NULL,0,'2016-03-06 20:40:14'),(1092,31,'Lachhmangarh',0,0,NULL,0,'2016-03-06 20:40:14'),(1093,31,'Ladnu',0,0,NULL,0,'2016-03-06 20:40:14'),(1094,31,'Lakheri',0,0,NULL,0,'2016-03-06 20:40:14'),(1095,31,'Lalsot',0,0,NULL,0,'2016-03-06 20:40:14'),(1096,31,'Losal',0,0,NULL,0,'2016-03-06 20:40:14'),(1097,31,'Makrana',0,0,NULL,0,'2016-03-06 20:40:14'),(1098,31,'Malpura',0,0,NULL,0,'2016-03-06 20:40:14'),(1099,31,'Mandalgarh',0,0,NULL,0,'2016-03-06 20:40:14'),(1100,31,'Mandawa',0,0,NULL,0,'2016-03-06 20:40:14'),(1101,31,'Mangrol',0,0,NULL,0,'2016-03-06 20:40:14'),(1102,31,'Merta City',0,0,NULL,0,'2016-03-06 20:40:14'),(1103,31,'Mount Abu',0,0,NULL,0,'2016-03-06 20:40:14'),(1104,31,'Nadbai',0,0,NULL,0,'2016-03-06 20:40:14'),(1105,31,'Nagar',0,0,NULL,0,'2016-03-06 20:40:14'),(1106,31,'Nagaur',0,0,NULL,0,'2016-03-06 20:40:14'),(1107,31,'Nargund',0,0,NULL,0,'2016-03-06 20:40:14'),(1108,31,'Nasirabad',0,0,NULL,0,'2016-03-06 20:40:14'),(1109,31,'Nathdwara',0,0,NULL,0,'2016-03-06 20:40:14'),(1110,31,'Navalgund',0,0,NULL,0,'2016-03-06 20:40:14'),(1111,31,'Nawalgarh',0,0,NULL,0,'2016-03-06 20:40:14'),(1112,31,'Neem-Ka-Thana',0,0,NULL,0,'2016-03-06 20:40:14'),(1113,31,'Nelamangala',0,0,NULL,0,'2016-03-06 20:40:14'),(1114,31,'Nimbahera',0,0,NULL,0,'2016-03-06 20:40:14'),(1115,31,'Nipani',0,0,NULL,0,'2016-03-06 20:40:14'),(1116,31,'Niwai',0,0,NULL,0,'2016-03-06 20:40:14'),(1117,31,'Nohar',0,0,NULL,0,'2016-03-06 20:40:14'),(1118,31,'Nokha',0,0,NULL,0,'2016-03-06 20:40:14'),(1119,31,'Pali',0,0,NULL,0,'2016-03-06 20:40:14'),(1120,31,'Phalodi',0,0,NULL,0,'2016-03-06 20:40:14'),(1121,31,'Phulera',0,0,NULL,0,'2016-03-06 20:40:14'),(1122,31,'Pilani',0,0,NULL,0,'2016-03-06 20:40:14'),(1123,31,'Pilibanga',0,0,NULL,0,'2016-03-06 20:40:14'),(1124,31,'Pindwara',0,0,NULL,0,'2016-03-06 20:40:14'),(1125,31,'Pipar City',0,0,NULL,0,'2016-03-06 20:40:14'),(1126,31,'Prantij',0,0,NULL,0,'2016-03-06 20:40:14'),(1127,31,'Pratapgarh',0,0,NULL,0,'2016-03-06 20:40:14'),(1128,31,'Raisinghnagar',0,0,NULL,0,'2016-03-06 20:40:14'),(1129,31,'Rajakhera',0,0,NULL,0,'2016-03-06 20:40:14'),(1130,31,'Rajaldesar',0,0,NULL,0,'2016-03-06 20:40:14'),(1131,31,'Rajgarh (Alwar)',0,0,NULL,0,'2016-03-06 20:40:14'),(1132,31,'Rajgarh (Churu',0,0,NULL,0,'2016-03-06 20:40:14'),(1133,31,'Rajsamand',0,0,NULL,0,'2016-03-06 20:40:14'),(1134,31,'Ramganj Mandi',0,0,NULL,0,'2016-03-06 20:40:14'),(1135,31,'Ramngarh',0,0,NULL,0,'2016-03-06 20:40:14'),(1136,31,'Ratangarh',0,0,NULL,0,'2016-03-06 20:40:14'),(1137,31,'Rawatbhata',0,0,NULL,0,'2016-03-06 20:40:14'),(1138,31,'Rawatsar',0,0,NULL,0,'2016-03-06 20:40:14'),(1139,31,'Reengus',0,0,NULL,0,'2016-03-06 20:40:14'),(1140,31,'Sadri',0,0,NULL,0,'2016-03-06 20:40:14'),(1141,31,'Sadulshahar',0,0,NULL,0,'2016-03-06 20:40:14'),(1142,31,'Sagwara',0,0,NULL,0,'2016-03-06 20:40:14'),(1143,31,'Sambhar',0,0,NULL,0,'2016-03-06 20:40:14'),(1144,31,'Sanchore',0,0,NULL,0,'2016-03-06 20:40:14'),(1145,31,'Sangaria',0,0,NULL,0,'2016-03-06 20:40:14'),(1146,31,'Sardarshahar',0,0,NULL,0,'2016-03-06 20:40:14'),(1147,31,'Sawai Madhopur',0,0,NULL,0,'2016-03-06 20:40:14'),(1148,31,'Shahpura',0,0,NULL,0,'2016-03-06 20:40:14'),(1149,31,'Shahpura',0,0,NULL,0,'2016-03-06 20:40:14'),(1150,31,'Sheoganj',0,0,NULL,0,'2016-03-06 20:40:14'),(1151,31,'Sikar',0,0,NULL,0,'2016-03-06 20:40:14'),(1152,31,'Sirohi',0,0,NULL,0,'2016-03-06 20:40:14'),(1153,31,'Sojat',0,0,NULL,0,'2016-03-06 20:40:14'),(1154,31,'Sri Madhopur',0,0,NULL,0,'2016-03-06 20:40:14'),(1155,31,'Sujangarh',0,0,NULL,0,'2016-03-06 20:40:14'),(1156,31,'Sumerpur',0,0,NULL,0,'2016-03-06 20:40:14'),(1157,31,'Suratgarh',0,0,NULL,0,'2016-03-06 20:40:14'),(1158,31,'Taranagar',0,0,NULL,0,'2016-03-06 20:40:14'),(1159,31,'Todabhim',0,0,NULL,0,'2016-03-06 20:40:14'),(1160,31,'Todaraisingh',0,0,NULL,0,'2016-03-06 20:40:14'),(1161,31,'Tonk',0,0,NULL,0,'2016-03-06 20:40:14'),(1162,31,'Udaipur',0,0,NULL,0,'2016-03-06 20:40:14'),(1163,31,'Udaipurwati',0,0,NULL,0,'2016-03-06 20:40:14'),(1164,31,'Vijainagar',0,0,NULL,0,'2016-03-06 20:40:14'),(1165,32,'Gangtok',0,0,NULL,0,'2016-03-06 20:40:14'),(1166,35,'Calcutta',0,0,NULL,0,'2016-03-06 20:40:14'),(1167,1,'Arakkonam',0,0,NULL,0,'2016-03-06 20:40:14'),(1168,1,'Arcot',0,0,NULL,0,'2016-03-06 20:40:14'),(1169,1,'Aruppukkottai',0,0,NULL,0,'2016-03-06 20:40:14'),(1170,1,'Bhavani',0,0,NULL,0,'2016-03-06 20:40:14'),(1171,1,'Chengalpattu',0,0,NULL,0,'2016-03-06 20:40:14'),(1172,1,'Chennai',0,0,NULL,0,'2016-03-06 20:40:14'),(1173,1,'Chinna salem',0,0,NULL,0,'2016-03-06 20:40:14'),(1174,1,'Coimbatore',0,0,NULL,0,'2016-03-06 20:40:14'),(1175,1,'Coonoor',0,0,NULL,0,'2016-03-06 20:40:14'),(1176,1,'Cuddalore',0,0,NULL,0,'2016-03-06 20:40:14'),(1177,1,'Dharmapuri',0,0,NULL,0,'2016-03-06 20:40:14'),(1178,1,'Dindigul',0,0,NULL,0,'2016-03-06 20:40:14'),(1179,1,'Erode',0,0,NULL,0,'2016-03-06 20:40:14'),(1180,1,'Gudalur',0,0,NULL,0,'2016-03-06 20:40:14'),(1181,1,'Gudalur',0,0,NULL,0,'2016-03-06 20:40:14'),(1182,1,'Gudalur',0,0,NULL,0,'2016-03-06 20:40:14'),(1183,1,'Kanchipuram',0,0,NULL,0,'2016-03-06 20:40:14'),(1184,1,'Karaikudi',0,0,NULL,0,'2016-03-06 20:40:14'),(1185,1,'Karungal',0,0,NULL,0,'2016-03-06 20:40:14'),(1186,1,'Karur',0,0,NULL,0,'2016-03-06 20:40:14'),(1187,1,'Kollankodu',0,0,NULL,0,'2016-03-06 20:40:14'),(1188,1,'Lalgudi',0,0,NULL,0,'2016-03-06 20:40:14'),(1189,1,'Madurai',0,0,NULL,0,'2016-03-06 20:40:14'),(1190,1,'Nagapattinam',0,0,NULL,0,'2016-03-06 20:40:14'),(1191,1,'Nagercoil',0,0,NULL,0,'2016-03-06 20:40:14'),(1192,1,'Namagiripettai',0,0,NULL,0,'2016-03-06 20:40:14'),(1193,1,'Namakkal',0,0,NULL,0,'2016-03-06 20:40:14'),(1194,1,'Nandivaram-Guduvancheri',0,0,NULL,0,'2016-03-06 20:40:14'),(1195,1,'Nanjikottai',0,0,NULL,0,'2016-03-06 20:40:14'),(1196,1,'Natham',0,0,NULL,0,'2016-03-06 20:40:14'),(1197,1,'Nellikuppam',0,0,NULL,0,'2016-03-06 20:40:14'),(1198,1,'Neyveli',0,0,NULL,0,'2016-03-06 20:40:14'),(1199,1,'O\' Valley',0,0,NULL,0,'2016-03-06 20:40:14'),(1200,1,'Oddanchatram',0,0,NULL,0,'2016-03-06 20:40:14'),(1201,1,'P.N.Patti',0,0,NULL,0,'2016-03-06 20:40:14'),(1202,1,'Pacode',0,0,NULL,0,'2016-03-06 20:40:14'),(1203,1,'Padmanabhapuram',0,0,NULL,0,'2016-03-06 20:40:14'),(1204,1,'Palani',0,0,NULL,0,'2016-03-06 20:40:14'),(1205,1,'Palladam',0,0,NULL,0,'2016-03-06 20:40:14'),(1206,1,'Pallapatti',0,0,NULL,0,'2016-03-06 20:40:14'),(1207,1,'Pallikonda',0,0,NULL,0,'2016-03-06 20:40:14'),(1208,1,'Panagudi',0,0,NULL,0,'2016-03-06 20:40:14'),(1209,1,'Panruti',0,0,NULL,0,'2016-03-06 20:40:14'),(1210,1,'Paramakudi',0,0,NULL,0,'2016-03-06 20:40:14'),(1211,1,'Parangipettai',0,0,NULL,0,'2016-03-06 20:40:14'),(1212,1,'Pattukkottai',0,0,NULL,0,'2016-03-06 20:40:14'),(1213,1,'Perambalur',0,0,NULL,0,'2016-03-06 20:40:14'),(1214,1,'Peravurani',0,0,NULL,0,'2016-03-06 20:40:14'),(1215,1,'Periyakulam',0,0,NULL,0,'2016-03-06 20:40:14'),(1216,1,'Periyasemur',0,0,NULL,0,'2016-03-06 20:40:14'),(1217,1,'Pernampattu',0,0,NULL,0,'2016-03-06 20:40:14'),(1218,1,'Pollachi',0,0,NULL,0,'2016-03-06 20:40:14'),(1219,1,'Polur',0,0,NULL,0,'2016-03-06 20:40:14'),(1220,1,'Ponneri',0,0,NULL,0,'2016-03-06 20:40:14'),(1221,1,'Pudukkottai',0,0,NULL,0,'2016-03-06 20:40:14'),(1222,1,'Pudupattinam',0,0,NULL,0,'2016-03-06 20:40:14'),(1223,1,'Puliyankudi',0,0,NULL,0,'2016-03-06 20:40:14'),(1224,1,'Punjaipugalur',0,0,NULL,0,'2016-03-06 20:40:14'),(1225,1,'Rajapalayam',0,0,NULL,0,'2016-03-06 20:40:14'),(1226,1,'Ramanathapuram',0,0,NULL,0,'2016-03-06 20:40:14'),(1227,1,'Rameshwaram',0,0,NULL,0,'2016-03-06 20:40:14'),(1228,1,'Rasipuram',0,0,NULL,0,'2016-03-06 20:40:14'),(1229,1,'Salem',0,0,NULL,0,'2016-03-06 20:40:14'),(1230,1,'Sankarankoil',0,0,NULL,0,'2016-03-06 20:40:14'),(1231,1,'Sankari',0,0,NULL,0,'2016-03-06 20:40:14'),(1232,1,'Sathyamangalam',0,0,NULL,0,'2016-03-06 20:40:14'),(1233,1,'Sattur',0,0,NULL,0,'2016-03-06 20:40:14'),(1234,1,'Shenkottai',0,0,NULL,0,'2016-03-06 20:40:14'),(1235,1,'Sholavandan',0,0,NULL,0,'2016-03-06 20:40:14'),(1236,1,'Sholingur',0,0,NULL,0,'2016-03-06 20:40:14'),(1237,1,'Sirkali',0,0,NULL,0,'2016-03-06 20:40:14'),(1238,1,'Sivaganga',0,0,NULL,0,'2016-03-06 20:40:14'),(1239,1,'Sivagiri',0,0,NULL,0,'2016-03-06 20:40:14'),(1240,1,'Sivakasi',0,0,NULL,0,'2016-03-06 20:40:14'),(1241,1,'Srivilliputhur',0,0,NULL,0,'2016-03-06 20:40:14'),(1242,1,'Surandai',0,0,NULL,0,'2016-03-06 20:40:14'),(1243,1,'Suriyampalayam',0,0,NULL,0,'2016-03-06 20:40:14'),(1244,1,'Tenkasi',0,0,NULL,0,'2016-03-06 20:40:14'),(1245,1,'Thammampatti',0,0,NULL,0,'2016-03-06 20:40:14'),(1246,1,'Thanjavur',0,0,NULL,0,'2016-03-06 20:40:14'),(1247,1,'Tharamangalam',0,0,NULL,0,'2016-03-06 20:40:14'),(1248,1,'Tharangambadi',0,0,NULL,0,'2016-03-06 20:40:14'),(1249,1,'Theni Allinagaram',0,0,NULL,0,'2016-03-06 20:40:14'),(1250,1,'Thirumangalam',0,0,NULL,0,'2016-03-06 20:40:14'),(1251,1,'Thirunindravur',0,0,NULL,0,'2016-03-06 20:40:14'),(1252,1,'Thiruparappu',0,0,NULL,0,'2016-03-06 20:40:14'),(1253,1,'Thirupuvanam',0,0,NULL,0,'2016-03-06 20:40:14'),(1254,1,'Thiruthuraipoondi',0,0,NULL,0,'2016-03-06 20:40:14'),(1255,1,'Thiruvallur',0,0,NULL,0,'2016-03-06 20:40:14'),(1256,1,'Thiruvarur',0,0,NULL,0,'2016-03-06 20:40:14'),(1257,1,'Thoothukudi',0,0,NULL,0,'2016-03-06 20:40:14'),(1258,1,'Thuraiyur',0,0,NULL,0,'2016-03-06 20:40:14'),(1259,1,'Tindivanam',0,0,NULL,0,'2016-03-06 20:40:14'),(1260,1,'Tiruchendur',0,0,NULL,0,'2016-03-06 20:40:14'),(1261,1,'Tiruchengode',0,0,NULL,0,'2016-03-06 20:40:14'),(1262,1,'Tiruchirappalli',0,0,NULL,0,'2016-03-06 20:40:14'),(1263,1,'Tirukalukundram',0,0,NULL,0,'2016-03-06 20:40:14'),(1264,1,'Tirukkoyilur',0,0,NULL,0,'2016-03-06 20:40:14'),(1265,1,'Tirunelveli',0,0,NULL,0,'2016-03-06 20:40:14'),(1266,1,'Tirupathur',0,0,NULL,0,'2016-03-06 20:40:14'),(1267,1,'Tirupathur',0,0,NULL,0,'2016-03-06 20:40:14'),(1268,1,'Tiruppur',0,0,NULL,0,'2016-03-06 20:40:14'),(1269,1,'Tiruttani',0,0,NULL,0,'2016-03-06 20:40:14'),(1270,1,'Tiruvannamalai',0,0,NULL,0,'2016-03-06 20:40:14'),(1271,1,'Tiruvethipuram',0,0,NULL,0,'2016-03-06 20:40:14'),(1272,1,'Tittakudi',0,0,NULL,0,'2016-03-06 20:40:14'),(1273,1,'Udhagamandalam',0,0,NULL,0,'2016-03-06 20:40:14'),(1274,1,'Udumalaipettai',0,0,NULL,0,'2016-03-06 20:40:14'),(1275,1,'Unnamalaikadai',0,0,NULL,0,'2016-03-06 20:40:14'),(1276,1,'Usilampatti',0,0,NULL,0,'2016-03-06 20:40:14'),(1277,1,'Uthamapalayam',0,0,NULL,0,'2016-03-06 20:40:14'),(1278,1,'Uthiramerur',0,0,NULL,0,'2016-03-06 20:40:14'),(1279,1,'Vadakkuvalliyur',0,0,NULL,0,'2016-03-06 20:40:14'),(1280,1,'Vadalur',0,0,NULL,0,'2016-03-06 20:40:14'),(1281,1,'Vadipatti',0,0,NULL,0,'2016-03-06 20:40:14'),(1282,1,'Valparai',0,0,NULL,0,'2016-03-06 20:40:14'),(1283,1,'Vandavasi',0,0,NULL,0,'2016-03-06 20:40:14'),(1284,1,'Vaniyambadi',0,0,NULL,0,'2016-03-06 20:40:14'),(1285,1,'Vedaranyam',0,0,NULL,0,'2016-03-06 20:40:14'),(1286,1,'Vellakoil',0,0,NULL,0,'2016-03-06 20:40:14'),(1287,1,'Vellore',0,0,NULL,0,'2016-03-06 20:40:14'),(1288,1,'Vikramasingapuram',0,0,NULL,0,'2016-03-06 20:40:14'),(1289,1,'Viluppuram',0,0,NULL,0,'2016-03-06 20:40:14'),(1290,1,'Virudhachalam',0,0,NULL,0,'2016-03-06 20:40:14'),(1291,1,'Virudhunagar',0,0,NULL,0,'2016-03-06 20:40:14'),(1292,1,'Viswanatham',0,0,NULL,0,'2016-03-06 20:40:14'),(1293,34,'Agartala',0,0,NULL,0,'2016-03-06 20:40:14'),(1294,34,'Badharghat',0,0,NULL,0,'2016-03-06 20:40:14'),(1295,34,'Dharmanagar',0,0,NULL,0,'2016-03-06 20:40:14'),(1296,34,'Indranagar',0,0,NULL,0,'2016-03-06 20:40:14'),(1297,34,'Jogendranagar',0,0,NULL,0,'2016-03-06 20:40:14'),(1298,34,'Kailasahar',0,0,NULL,0,'2016-03-06 20:40:14'),(1299,34,'Khowai',0,0,NULL,0,'2016-03-06 20:40:14'),(1300,34,'Pratapgarh',0,0,NULL,0,'2016-03-06 20:40:14'),(1301,34,'Udaipur',0,0,NULL,0,'2016-03-06 20:40:14'),(1302,34,'Achhnera',0,0,NULL,0,'2016-03-06 20:40:14'),(1303,34,'Adari',0,0,NULL,0,'2016-03-06 20:40:14'),(1304,34,'Agra',0,0,NULL,0,'2016-03-06 20:40:14'),(1305,34,'Aligarh',0,0,NULL,0,'2016-03-06 20:40:14'),(1306,34,'Allahabad',0,0,NULL,0,'2016-03-06 20:40:14'),(1307,34,'Amroha',0,0,NULL,0,'2016-03-06 20:40:14'),(1308,34,'Azamgarh',0,0,NULL,0,'2016-03-06 20:40:14'),(1309,34,'Bahraich',0,0,NULL,0,'2016-03-06 20:40:14'),(1310,34,'Ballia',0,0,NULL,0,'2016-03-06 20:40:14'),(1311,34,'Balrampur',0,0,NULL,0,'2016-03-06 20:40:14'),(1312,34,'Banda',0,0,NULL,0,'2016-03-06 20:40:14'),(1313,34,'Bareilly',0,0,NULL,0,'2016-03-06 20:40:14'),(1314,34,'Chandausi',0,0,NULL,0,'2016-03-06 20:40:14'),(1315,34,'Dadri',0,0,NULL,0,'2016-03-06 20:40:14'),(1316,34,'Deoria',0,0,NULL,0,'2016-03-06 20:40:14'),(1317,34,'Etawah',0,0,NULL,0,'2016-03-06 20:40:14'),(1318,34,'Fatehabad',0,0,NULL,0,'2016-03-06 20:40:14'),(1319,34,'Fatehpur',0,0,NULL,0,'2016-03-06 20:40:14'),(1320,34,'Fatehpur',0,0,NULL,0,'2016-03-06 20:40:14'),(1321,34,'Greater Noida',0,0,NULL,0,'2016-03-06 20:40:14'),(1322,34,'Hamirpur',0,0,NULL,0,'2016-03-06 20:40:14'),(1323,34,'Hardoi',0,0,NULL,0,'2016-03-06 20:40:14'),(1324,34,'Jajmau',0,0,NULL,0,'2016-03-06 20:40:14'),(1325,34,'Jaunpur',0,0,NULL,0,'2016-03-06 20:40:14'),(1326,34,'Jhansi',0,0,NULL,0,'2016-03-06 20:40:14'),(1327,34,'Kalpi',0,0,NULL,0,'2016-03-06 20:40:14'),(1328,34,'Kanpur',0,0,NULL,0,'2016-03-06 20:40:14'),(1329,34,'Kota',0,0,NULL,0,'2016-03-06 20:40:14'),(1330,34,'Laharpur',0,0,NULL,0,'2016-03-06 20:40:14'),(1331,34,'Lakhimpur',0,0,NULL,0,'2016-03-06 20:40:14'),(1332,34,'Lal Gopalganj Nindaura',0,0,NULL,0,'2016-03-06 20:40:14'),(1333,34,'Lalganj',0,0,NULL,0,'2016-03-06 20:40:14'),(1334,34,'Lalitpur',0,0,NULL,0,'2016-03-06 20:40:14'),(1335,34,'Lar',0,0,NULL,0,'2016-03-06 20:40:14'),(1336,34,'Loni',0,0,NULL,0,'2016-03-06 20:40:14'),(1337,34,'Lucknow',0,0,NULL,0,'2016-03-06 20:40:14'),(1338,34,'Mathura',0,0,NULL,0,'2016-03-06 20:40:14'),(1339,34,'Meerut',0,0,NULL,0,'2016-03-06 20:40:14'),(1340,34,'Modinagar',0,0,NULL,0,'2016-03-06 20:40:14'),(1341,34,'Muradnagar',0,0,NULL,0,'2016-03-06 20:40:14'),(1342,34,'Nagina',0,0,NULL,0,'2016-03-06 20:40:14'),(1343,34,'Najibabad',0,0,NULL,0,'2016-03-06 20:40:14'),(1344,34,'Nakur',0,0,NULL,0,'2016-03-06 20:40:14'),(1345,34,'Nanpara',0,0,NULL,0,'2016-03-06 20:40:14'),(1346,34,'Naraura',0,0,NULL,0,'2016-03-06 20:40:14'),(1347,34,'Naugawan Sadat',0,0,NULL,0,'2016-03-06 20:40:14'),(1348,34,'Nautanwa',0,0,NULL,0,'2016-03-06 20:40:14'),(1349,34,'Nawabganj',0,0,NULL,0,'2016-03-06 20:40:14'),(1350,34,'Nehtaur',0,0,NULL,0,'2016-03-06 20:40:14'),(1351,34,'NOIDA',0,0,NULL,0,'2016-03-06 20:40:14'),(1352,34,'Noorpur',0,0,NULL,0,'2016-03-06 20:40:14'),(1353,34,'Obra',0,0,NULL,0,'2016-03-06 20:40:14'),(1354,34,'Orai',0,0,NULL,0,'2016-03-06 20:40:14'),(1355,34,'Padrauna',0,0,NULL,0,'2016-03-06 20:40:14'),(1356,34,'Palia Kalan',0,0,NULL,0,'2016-03-06 20:40:14'),(1357,34,'Parasi',0,0,NULL,0,'2016-03-06 20:40:14'),(1358,34,'Phulpur',0,0,NULL,0,'2016-03-06 20:40:14'),(1359,34,'Pihani',0,0,NULL,0,'2016-03-06 20:40:14'),(1360,34,'Pilibhit',0,0,NULL,0,'2016-03-06 20:40:14'),(1361,34,'Pilkhuwa',0,0,NULL,0,'2016-03-06 20:40:14'),(1362,34,'Powayan',0,0,NULL,0,'2016-03-06 20:40:14'),(1363,34,'Pukhrayan',0,0,NULL,0,'2016-03-06 20:40:14'),(1364,34,'Puranpur',0,0,NULL,0,'2016-03-06 20:40:14'),(1365,34,'Purquazi',0,0,NULL,0,'2016-03-06 20:40:14'),(1366,34,'Purwa',0,0,NULL,0,'2016-03-06 20:40:14'),(1367,34,'Rae Bareli',0,0,NULL,0,'2016-03-06 20:40:14'),(1368,34,'Rampur',0,0,NULL,0,'2016-03-06 20:40:14'),(1369,34,'Rampur Maniharan',0,0,NULL,0,'2016-03-06 20:40:14'),(1370,34,'Rasra',0,0,NULL,0,'2016-03-06 20:40:14'),(1371,34,'Rath',0,0,NULL,0,'2016-03-06 20:40:14'),(1372,34,'Renukoot',0,0,NULL,0,'2016-03-06 20:40:14'),(1373,34,'Reoti',0,0,NULL,0,'2016-03-06 20:40:14'),(1374,34,'Robertsganj',0,0,NULL,0,'2016-03-06 20:40:14'),(1375,34,'Rudauli',0,0,NULL,0,'2016-03-06 20:40:14'),(1376,34,'Rudrapur',0,0,NULL,0,'2016-03-06 20:40:14'),(1377,34,'Sadabad',0,0,NULL,0,'2016-03-06 20:40:14'),(1378,34,'Safipur',0,0,NULL,0,'2016-03-06 20:40:14'),(1379,34,'Saharanpur',0,0,NULL,0,'2016-03-06 20:40:14'),(1380,34,'Sahaspur',0,0,NULL,0,'2016-03-06 20:40:14'),(1381,34,'Sahaswan',0,0,NULL,0,'2016-03-06 20:40:14'),(1382,34,'Sahawar',0,0,NULL,0,'2016-03-06 20:40:14'),(1383,34,'Sahjanwa',0,0,NULL,0,'2016-03-06 20:40:14'),(1384,34,'\"Saidpur',0,0,NULL,0,'2016-03-06 20:40:14'),(1385,34,'Sambhal',0,0,NULL,0,'2016-03-06 20:40:14'),(1386,34,'Samdhan',0,0,NULL,0,'2016-03-06 20:40:14'),(1387,34,'Samthar',0,0,NULL,0,'2016-03-06 20:40:14'),(1388,34,'Sandi',0,0,NULL,0,'2016-03-06 20:40:14'),(1389,34,'Sandila',0,0,NULL,0,'2016-03-06 20:40:14'),(1390,34,'Sardhana',0,0,NULL,0,'2016-03-06 20:40:14'),(1391,34,'Seohara',0,0,NULL,0,'2016-03-06 20:40:14'),(1392,34,'\"Shahabad',0,0,NULL,0,'2016-03-06 20:40:14'),(1393,34,'\"Shahabad',0,0,NULL,0,'2016-03-06 20:40:14'),(1394,34,'Shahganj',0,0,NULL,0,'2016-03-06 20:40:14'),(1395,34,'Shahjahanpur',0,0,NULL,0,'2016-03-06 20:40:14'),(1396,34,'Shamli',0,0,NULL,0,'2016-03-06 20:40:14'),(1397,34,'Shamsabad',0,0,NULL,0,'2016-03-06 20:40:14'),(1398,34,'Shamsabad',0,0,NULL,0,'2016-03-06 20:40:14'),(1399,34,'Sherkot',0,0,NULL,0,'2016-03-06 20:40:14'),(1400,34,'\"Shikarpur',0,0,NULL,0,'2016-03-06 20:40:14'),(1401,34,'Shikohabad',0,0,NULL,0,'2016-03-06 20:40:14'),(1402,34,'Shishgarh',0,0,NULL,0,'2016-03-06 20:40:14'),(1403,34,'Siana',0,0,NULL,0,'2016-03-06 20:40:14'),(1404,34,'Sikanderpur',0,0,NULL,0,'2016-03-06 20:40:14'),(1405,34,'Sikandra Rao',0,0,NULL,0,'2016-03-06 20:40:14'),(1406,34,'Sikandrabad',0,0,NULL,0,'2016-03-06 20:40:14'),(1407,34,'Sirsaganj',0,0,NULL,0,'2016-03-06 20:40:14'),(1408,34,'Sirsi',0,0,NULL,0,'2016-03-06 20:40:14'),(1409,34,'Sitapur',0,0,NULL,0,'2016-03-06 20:40:14'),(1410,34,'Soron',0,0,NULL,0,'2016-03-06 20:40:14'),(1411,34,'Suar',0,0,NULL,0,'2016-03-06 20:40:14'),(1412,34,'Sultanpur',0,0,NULL,0,'2016-03-06 20:40:14'),(1413,34,'Sumerpur',0,0,NULL,0,'2016-03-06 20:40:14'),(1414,34,'Tanda',0,0,NULL,0,'2016-03-06 20:40:14'),(1415,34,'Tanda',0,0,NULL,0,'2016-03-06 20:40:14'),(1416,34,'Tetri Bazar',0,0,NULL,0,'2016-03-06 20:40:14'),(1417,34,'Thakurdwara',0,0,NULL,0,'2016-03-06 20:40:14'),(1418,34,'Thana Bhawan',0,0,NULL,0,'2016-03-06 20:40:14'),(1419,34,'Tilhar',0,0,NULL,0,'2016-03-06 20:40:14'),(1420,34,'Tirwaganj',0,0,NULL,0,'2016-03-06 20:40:14'),(1421,34,'Tulsipur',0,0,NULL,0,'2016-03-06 20:40:14'),(1422,34,'Tundla',0,0,NULL,0,'2016-03-06 20:40:14'),(1423,34,'Unnao',0,0,NULL,0,'2016-03-06 20:40:14'),(1424,34,'Utraula',0,0,NULL,0,'2016-03-06 20:40:14'),(1425,34,'Varanasi',0,0,NULL,0,'2016-03-06 20:40:14'),(1426,34,'Vrindavan',0,0,NULL,0,'2016-03-06 20:40:14'),(1427,34,'Warhapur',0,0,NULL,0,'2016-03-06 20:40:14'),(1428,34,'Zaidpur',0,0,NULL,0,'2016-03-06 20:40:14'),(1429,34,'Zamania',0,0,NULL,0,'2016-03-06 20:40:14'),(1430,33,'Almora',0,0,NULL,0,'2016-03-06 20:40:14'),(1431,33,'Bazpur',0,0,NULL,0,'2016-03-06 20:40:14'),(1432,33,'Chamba',0,0,NULL,0,'2016-03-06 20:40:14'),(1433,33,'Dehradun',0,0,NULL,0,'2016-03-06 20:40:14'),(1434,33,'Haldwani',0,0,NULL,0,'2016-03-06 20:40:14'),(1435,33,'Haridwar',0,0,NULL,0,'2016-03-06 20:40:14'),(1436,33,'Jaspur',0,0,NULL,0,'2016-03-06 20:40:14'),(1437,33,'Kashipur',0,0,NULL,0,'2016-03-06 20:40:14'),(1438,33,'kichha',0,0,NULL,0,'2016-03-06 20:40:14'),(1439,33,'Kotdwara',0,0,NULL,0,'2016-03-06 20:40:14'),(1440,33,'Manglaur',0,0,NULL,0,'2016-03-06 20:40:14'),(1441,33,'Mussoorie',0,0,NULL,0,'2016-03-06 20:40:14'),(1442,33,'Nagla',0,0,NULL,0,'2016-03-06 20:40:14'),(1443,33,'Nainital',0,0,NULL,0,'2016-03-06 20:40:14'),(1444,33,'Pauri',0,0,NULL,0,'2016-03-06 20:40:14'),(1445,33,'Pithoragarh',0,0,NULL,0,'2016-03-06 20:40:14'),(1446,33,'Ramnagar',0,0,NULL,0,'2016-03-06 20:40:14'),(1447,33,'Rishikesh',0,0,NULL,0,'2016-03-06 20:40:14'),(1448,33,'Roorkee',0,0,NULL,0,'2016-03-06 20:40:14'),(1449,33,'Rudrapur',0,0,NULL,0,'2016-03-06 20:40:14'),(1450,33,'Sitarganj',0,0,NULL,0,'2016-03-06 20:40:14'),(1451,33,'Tehri',0,0,NULL,0,'2016-03-06 20:40:14'),(1452,34,'Muzaffarnagar',0,0,NULL,0,'2016-03-06 20:40:14'),(1453,34,'\"Adra',0,0,NULL,0,'2016-03-06 20:40:14'),(1454,35,'Alipurduar',0,0,NULL,0,'2016-03-06 20:40:14'),(1455,35,'Arambagh',0,0,NULL,0,'2016-03-06 20:40:14'),(1456,35,'Asansol',0,0,NULL,0,'2016-03-06 20:40:14'),(1457,35,'Baharampur',0,0,NULL,0,'2016-03-06 20:40:14'),(1458,35,'Bally',0,0,NULL,0,'2016-03-06 20:40:14'),(1459,35,'Balurghat',0,0,NULL,0,'2016-03-06 20:40:14'),(1460,35,'Bankura',0,0,NULL,0,'2016-03-06 20:40:14'),(1461,35,'Barakar',0,0,NULL,0,'2016-03-06 20:40:14'),(1462,35,'Barasat',0,0,NULL,0,'2016-03-06 20:40:14'),(1463,35,'Bardhaman',0,0,NULL,0,'2016-03-06 20:40:14'),(1464,35,'Bidhan Nagar',0,0,NULL,0,'2016-03-06 20:40:14'),(1465,35,'Chinsura',0,0,NULL,0,'2016-03-06 20:40:14'),(1466,35,'Contai',0,0,NULL,0,'2016-03-06 20:40:14'),(1467,35,'Cooch Behar',0,0,NULL,0,'2016-03-06 20:40:14'),(1468,35,'Darjeeling',0,0,NULL,0,'2016-03-06 20:40:14'),(1469,35,'Durgapur',0,0,NULL,0,'2016-03-06 20:40:14'),(1470,35,'Haldia',0,0,NULL,0,'2016-03-06 20:40:14'),(1471,35,'Howrah',0,0,NULL,0,'2016-03-06 20:40:14'),(1472,35,'Islampur',0,0,NULL,0,'2016-03-06 20:40:14'),(1473,35,'Jhargram',0,0,NULL,0,'2016-03-06 20:40:14'),(1474,35,'Kharagpur',0,0,NULL,0,'2016-03-06 20:40:14'),(1475,35,'Kolkata',0,0,NULL,0,'2016-03-06 20:40:14'),(1476,35,'Mainaguri',0,0,NULL,0,'2016-03-06 20:40:14'),(1477,35,'Mal',0,0,NULL,0,'2016-03-06 20:40:14'),(1478,35,'Mathabhanga',0,0,NULL,0,'2016-03-06 20:40:14'),(1479,35,'Medinipur',0,0,NULL,0,'2016-03-06 20:40:14'),(1480,35,'Memari',0,0,NULL,0,'2016-03-06 20:40:14'),(1481,35,'Monoharpur',0,0,NULL,0,'2016-03-06 20:40:14'),(1482,35,'Murshidabad',0,0,NULL,0,'2016-03-06 20:40:14'),(1483,35,'Nabadwip',0,0,NULL,0,'2016-03-06 20:40:14'),(1484,35,'Naihati',0,0,NULL,0,'2016-03-06 20:40:14'),(1485,35,'Panchla',0,0,NULL,0,'2016-03-06 20:40:14'),(1486,35,'Pandua',0,0,NULL,0,'2016-03-06 20:40:14'),(1487,35,'Paschim Punropara',0,0,NULL,0,'2016-03-06 20:40:14'),(1488,35,'Purulia',0,0,NULL,0,'2016-03-06 20:40:14'),(1489,35,'Raghunathpur',0,0,NULL,0,'2016-03-06 20:40:14'),(1490,35,'Raiganj',0,0,NULL,0,'2016-03-06 20:40:14'),(1491,35,'Rampurhat',0,0,NULL,0,'2016-03-06 20:40:14'),(1492,35,'Ranaghat',0,0,NULL,0,'2016-03-06 20:40:14'),(1493,35,'Sainthia',0,0,NULL,0,'2016-03-06 20:40:14'),(1494,35,'Santipur',0,0,NULL,0,'2016-03-06 20:40:14'),(1495,35,'Siliguri',0,0,NULL,0,'2016-03-06 20:40:14'),(1496,35,'Sonamukhi',0,0,NULL,0,'2016-03-06 20:40:14'),(1497,35,'Srirampore',0,0,NULL,0,'2016-03-06 20:40:14'),(1498,35,'Suri',0,0,NULL,0,'2016-03-06 20:40:14'),(1499,35,'Taki',0,0,NULL,0,'2016-03-06 20:40:14'),(1500,35,'Tamluk',0,0,NULL,0,'2016-03-06 20:40:14'),(1501,35,'Tarakeswar',0,0,NULL,0,'2016-03-06 20:40:14'),(1502,19,'Chikmagalur',0,0,NULL,0,'2016-03-06 20:40:14'),(1503,19,'Davanagere',0,0,NULL,0,'2016-03-06 20:40:14'),(1504,19,'Dharwad',0,0,NULL,0,'2016-03-06 20:40:14'),(1505,19,'Gadag',0,0,NULL,0,'2016-03-06 20:40:14'),(1506,1,'Chennai',0,0,NULL,0,'2016-03-06 20:40:14'),(1507,1,'Coimbatore',0,0,NULL,0,'2016-03-06 20:40:14');

/*Table structure for table `company_stage` */

DROP TABLE IF EXISTS `company_stage`;

CREATE TABLE `company_stage` (
  `company_stage_id` int(4) NOT NULL AUTO_INCREMENT,
  `stage_title` varchar(128) DEFAULT NULL,
  `stage_desc` varchar(256) DEFAULT NULL,
  `icon_path` varchar(256) NOT NULL,
  `is_active` tinyint(1) NOT NULL,
  `create_systemuser_id` int(8) NOT NULL,
  `create_timestamp` datetime DEFAULT NULL,
  `update_systemuser_id` int(8) NOT NULL,
  `update_timestamp` timestamp NOT NULL DEFAULT CURRENT_TIMESTAMP ON UPDATE CURRENT_TIMESTAMP,
  PRIMARY KEY (`company_stage_id`),
  UNIQUE KEY `company_stage_id_UNIQUE` (`company_stage_id`)
) ENGINE=InnoDB AUTO_INCREMENT=7 DEFAULT CHARSET=latin1;

/*Data for the table `company_stage` */

insert  into `company_stage`(`company_stage_id`,`stage_title`,`stage_desc`,`icon_path`,`is_active`,`create_systemuser_id`,`create_timestamp`,`update_systemuser_id`,`update_timestamp`) values (1,'Startup/ SME','SME','',1,0,NULL,0,'2016-03-03 05:56:53'),(2,'Pre-startup','Idea Stage- No working product or service','',1,0,NULL,0,'2016-03-03 05:56:54'),(3,'Seed Stage','product or service under test','',1,0,NULL,0,'2016-03-03 05:56:54'),(4,'Early Stage','product or service tested, generating revenue','',1,0,NULL,0,'2016-03-03 05:56:55'),(5,'Growth Stage','market expansion mode','',1,0,NULL,0,'2016-03-03 05:56:55'),(6,'Mature Stage','profitable multi-year venture','',1,0,NULL,0,'2016-03-03 05:56:56');

/*Table structure for table `country` */

DROP TABLE IF EXISTS `country`;

CREATE TABLE `country` (
  `country_id` int(8) NOT NULL AUTO_INCREMENT,
  `country` varchar(128) NOT NULL,
  `is_active` tinyint(1) NOT NULL,
  `create_systemuser_id` int(8) NOT NULL,
  `create_timestamp` datetime DEFAULT NULL,
  `update_systemuser_id` int(8) NOT NULL,
  `update_timestamp` timestamp NOT NULL DEFAULT CURRENT_TIMESTAMP ON UPDATE CURRENT_TIMESTAMP,
  PRIMARY KEY (`country_id`),
  UNIQUE KEY `country_id_UNIQUE` (`country_id`)
) ENGINE=InnoDB AUTO_INCREMENT=251 DEFAULT CHARSET=latin1;

/*Data for the table `country` */

insert  into `country`(`country_id`,`country`,`is_active`,`create_systemuser_id`,`create_timestamp`,`update_systemuser_id`,`update_timestamp`) values (1,'Andorra',0,0,NULL,0,'2016-03-01 05:37:51'),(2,'United Arab Emirates',0,0,NULL,0,'2016-03-01 05:37:52'),(3,'Afghanistan',0,0,NULL,0,'2016-03-01 05:37:52'),(4,'Antigua and Barbuda',0,0,NULL,0,'2016-03-01 05:37:53'),(5,'Anguilla',0,0,NULL,0,'2016-03-01 05:37:53'),(6,'Albania',0,0,NULL,0,'2016-03-01 05:37:54'),(7,'Armenia',0,0,NULL,0,'2016-03-01 05:37:54'),(8,'Angola',0,0,NULL,0,'2016-03-01 05:37:55'),(9,'Antarctica',0,0,NULL,0,'2016-03-01 05:37:55'),(10,'Argentina',0,0,NULL,0,'2016-03-01 05:37:56'),(11,'American Samoa',0,0,NULL,0,'2016-03-01 05:37:56'),(12,'Austria',0,0,NULL,0,'2016-03-01 05:37:57'),(13,'Australia',0,0,NULL,0,'2016-03-01 05:37:57'),(14,'Aruba',0,0,NULL,0,'2016-03-01 05:37:58'),(15,'land',0,0,NULL,0,'2016-03-01 05:37:58'),(16,'Azerbaijan',0,0,NULL,0,'2016-03-01 05:37:58'),(17,'Bosnia and Herzegovina',0,0,NULL,0,'2016-03-01 05:37:59'),(18,'Barbados',0,0,NULL,0,'2016-03-01 05:37:59'),(19,'Bangladesh',0,0,NULL,0,'2016-03-01 05:38:00'),(20,'Belgium',0,0,NULL,0,'2016-03-01 05:38:00'),(21,'Burkina Faso',0,0,NULL,0,'2016-03-01 05:38:01'),(22,'Bulgaria',0,0,NULL,0,'2016-03-01 05:38:02'),(23,'Bahrain',0,0,NULL,0,'2016-03-01 05:38:02'),(24,'Burundi',0,0,NULL,0,'2016-03-01 05:38:03'),(25,'Benin',0,0,NULL,0,'2016-03-01 05:38:03'),(26,'Saint Barthlemy',0,0,NULL,0,'2016-03-01 05:38:04'),(27,'Bermuda',0,0,NULL,0,'2016-03-01 05:38:04'),(28,'Brunei',0,0,NULL,0,'2016-03-01 05:38:05'),(29,'Bolivia',0,0,NULL,0,'2016-03-01 05:38:05'),(30,'Bonaire',0,0,NULL,0,'2016-03-01 05:38:06'),(31,'Brazil',0,0,NULL,0,'2016-03-01 05:38:06'),(32,'Bahamas',0,0,NULL,0,'2016-03-01 05:38:07'),(33,'Bhutan',0,0,NULL,0,'2016-03-01 05:38:07'),(34,'Bouvet Island',0,0,NULL,0,'2016-03-01 05:38:08'),(35,'Botswana',0,0,NULL,0,'2016-03-01 05:38:08'),(36,'Belarus',0,0,NULL,0,'2016-03-01 05:38:09'),(37,'Belize',0,0,NULL,0,'2016-03-01 05:38:09'),(38,'Canada',0,0,NULL,0,'2016-03-01 05:38:10'),(39,'Cocos [Keeling] Islands',0,0,NULL,0,'2016-03-01 05:38:10'),(40,'Democratic Republic of the Congo',0,0,NULL,0,'2016-03-01 05:38:11'),(41,'Central African Republic',0,0,NULL,0,'2016-03-01 05:38:11'),(42,'Republic of the Congo',0,0,NULL,0,'2016-03-01 05:38:12'),(43,'Switzerland',0,0,NULL,0,'2016-03-01 05:38:12'),(44,'Ivory Coast',0,0,NULL,0,'2016-03-01 05:38:13'),(45,'Cook Islands',0,0,NULL,0,'2016-03-01 05:38:13'),(46,'Chile',0,0,NULL,0,'2016-03-01 05:38:14'),(47,'Cameroon',0,0,NULL,0,'2016-03-01 05:38:14'),(48,'China',0,0,NULL,0,'2016-03-01 05:38:15'),(49,'Colombia',0,0,NULL,0,'2016-03-01 05:38:15'),(50,'Costa Rica',0,0,NULL,0,'2016-03-01 05:38:16'),(51,'Cuba',0,0,NULL,0,'2016-03-01 05:38:16'),(52,'Cape Verde',0,0,NULL,0,'2016-03-01 05:38:17'),(53,'Curacao',0,0,NULL,0,'2016-03-01 05:38:17'),(54,'Christmas Island',0,0,NULL,0,'2016-03-01 05:38:18'),(55,'Cyprus',0,0,NULL,0,'2016-03-01 05:38:18'),(56,'Czech Republic',0,0,NULL,0,'2016-03-01 05:38:19'),(57,'Germany',0,0,NULL,0,'2016-03-01 05:38:19'),(58,'Djibouti',0,0,NULL,0,'2016-03-01 05:38:20'),(59,'Denmark',0,0,NULL,0,'2016-03-01 05:38:20'),(60,'Dominica',0,0,NULL,0,'2016-03-01 05:38:21'),(61,'Dominican Republic',0,0,NULL,0,'2016-03-01 05:38:21'),(62,'Algeria',0,0,NULL,0,'2016-03-01 05:38:22'),(63,'Ecuador',0,0,NULL,0,'2016-03-01 05:38:22'),(64,'Estonia',0,0,NULL,0,'2016-03-01 05:38:23'),(65,'Egypt',0,0,NULL,0,'2016-03-01 05:38:23'),(66,'Western Sahara',0,0,NULL,0,'2016-03-01 05:38:24'),(67,'Eritrea',0,0,NULL,0,'2016-03-01 05:38:24'),(68,'Spain',0,0,NULL,0,'2016-03-01 05:38:25'),(69,'Ethiopia',0,0,NULL,0,'2016-03-01 05:38:25'),(70,'Finland',0,0,NULL,0,'2016-03-01 05:38:26'),(71,'Fiji',0,0,NULL,0,'2016-03-01 05:38:26'),(72,'Falkland Islands',0,0,NULL,0,'2016-03-01 05:38:27'),(73,'Micronesia',0,0,NULL,0,'2016-03-01 05:38:27'),(74,'Faroe Islands',0,0,NULL,0,'2016-03-01 05:38:28'),(75,'France',0,0,NULL,0,'2016-03-01 05:38:28'),(76,'Gabon',0,0,NULL,0,'2016-03-01 05:38:29'),(77,'United Kingdom',0,0,NULL,0,'2016-03-01 05:38:29'),(78,'Grenada',0,0,NULL,0,'2016-03-01 05:38:30'),(79,'Georgia',0,0,NULL,0,'2016-03-01 05:38:30'),(80,'French Guiana',0,0,NULL,0,'2016-03-01 05:38:31'),(81,'Guernsey',0,0,NULL,0,'2016-03-01 05:38:31'),(82,'Ghana',0,0,NULL,0,'2016-03-01 05:38:32'),(83,'Gibraltar',0,0,NULL,0,'2016-03-01 05:38:32'),(84,'Greenland',0,0,NULL,0,'2016-03-01 05:38:33'),(85,'Gambia',0,0,NULL,0,'2016-03-01 05:38:33'),(86,'Guinea',0,0,NULL,0,'2016-03-01 05:38:34'),(87,'Guadeloupe',0,0,NULL,0,'2016-03-01 05:38:34'),(88,'Equatorial Guinea',0,0,NULL,0,'2016-03-01 05:38:35'),(89,'Greece',0,0,NULL,0,'2016-03-01 05:38:35'),(90,'South Georgia and the South Sandwich Islands',0,0,NULL,0,'2016-03-01 05:38:36'),(91,'Guatemala',0,0,NULL,0,'2016-03-01 05:38:36'),(92,'Guam',0,0,NULL,0,'2016-03-01 05:38:37'),(93,'Guinea-Bissau',0,0,NULL,0,'2016-03-01 05:38:37'),(94,'Guyana',0,0,NULL,0,'2016-03-01 05:38:38'),(95,'Hong Kong',0,0,NULL,0,'2016-03-01 05:38:38'),(96,'Heard Island and McDonald Islands',0,0,NULL,0,'2016-03-01 05:38:39'),(97,'Honduras',0,0,NULL,0,'2016-03-01 05:38:39'),(98,'Croatia',0,0,NULL,0,'2016-03-01 05:38:40'),(99,'Haiti',0,0,NULL,0,'2016-03-01 05:38:40'),(100,'Hungary',0,0,NULL,0,'2016-03-01 05:38:41'),(101,'Indonesia',0,0,NULL,0,'2016-03-01 05:38:41'),(102,'Ireland',0,0,NULL,0,'2016-03-01 05:38:42'),(103,'Israel',0,0,NULL,0,'2016-03-01 05:38:42'),(104,'Isle of Man',0,0,NULL,0,'2016-03-01 05:38:43'),(105,'India',0,0,NULL,0,'2016-03-01 05:38:43'),(106,'British Indian Ocean Territory',0,0,NULL,0,'2016-03-01 05:38:44'),(107,'Iraq',0,0,NULL,0,'2016-03-01 05:38:44'),(108,'Iran',0,0,NULL,0,'2016-03-01 05:38:45'),(109,'Iceland',0,0,NULL,0,'2016-03-01 05:38:45'),(110,'Italy',0,0,NULL,0,'2016-03-01 05:38:45'),(111,'Jersey',0,0,NULL,0,'2016-03-01 05:38:46'),(112,'Jamaica',0,0,NULL,0,'2016-03-01 05:38:46'),(113,'Jordan',0,0,NULL,0,'2016-03-01 05:38:47'),(114,'Japan',0,0,NULL,0,'2016-03-01 05:38:47'),(115,'Kenya',0,0,NULL,0,'2016-03-01 05:38:48'),(116,'Kyrgyzstan',0,0,NULL,0,'2016-03-01 05:38:48'),(117,'Cambodia',0,0,NULL,0,'2016-03-01 05:38:49'),(118,'Kiribati',0,0,NULL,0,'2016-03-01 05:38:49'),(119,'Comoros',0,0,NULL,0,'2016-03-01 05:38:50'),(120,'Saint Kitts and Nevis',0,0,NULL,0,'2016-03-01 05:38:50'),(121,'North Korea',0,0,NULL,0,'2016-03-01 05:38:50'),(122,'South Korea',0,0,NULL,0,'2016-03-01 05:38:51'),(123,'Kuwait',0,0,NULL,0,'2016-03-01 05:38:51'),(124,'Cayman Islands',0,0,NULL,0,'2016-03-01 05:38:52'),(125,'Kazakhstan',0,0,NULL,0,'2016-03-01 05:38:52'),(126,'Laos',0,0,NULL,0,'2016-03-01 05:38:53'),(127,'Lebanon',0,0,NULL,0,'2016-03-01 05:38:53'),(128,'Saint Lucia',0,0,NULL,0,'2016-03-01 05:38:54'),(129,'Liechtenstein',0,0,NULL,0,'2016-03-01 05:38:54'),(130,'Sri Lanka',0,0,NULL,0,'2016-03-01 05:38:55'),(131,'Liberia',0,0,NULL,0,'2016-03-01 05:38:55'),(132,'Lesotho',0,0,NULL,0,'2016-03-01 05:38:56'),(133,'Lithuania',0,0,NULL,0,'2016-03-01 05:38:56'),(134,'Luxembourg',0,0,NULL,0,'2016-03-01 05:38:57'),(135,'Latvia',0,0,NULL,0,'2016-03-01 05:38:57'),(136,'Libya',0,0,NULL,0,'2016-03-01 05:38:58'),(137,'Morocco',0,0,NULL,0,'2016-03-01 05:38:58'),(138,'Monaco',0,0,NULL,0,'2016-03-01 05:38:59'),(139,'Moldova',0,0,NULL,0,'2016-03-01 05:38:59'),(140,'Montenegro',0,0,NULL,0,'2016-03-01 05:39:00'),(141,'Saint Martin',0,0,NULL,0,'2016-03-01 05:39:00'),(142,'Madagascar',0,0,NULL,0,'2016-03-01 05:39:01'),(143,'Marshall Islands',0,0,NULL,0,'2016-03-01 05:39:01'),(144,'Macedonia',0,0,NULL,0,'2016-03-01 05:39:01'),(145,'Mali',0,0,NULL,0,'2016-03-01 05:39:02'),(146,'Myanmar [Burma]',0,0,NULL,0,'2016-03-01 05:39:02'),(147,'Mongolia',0,0,NULL,0,'2016-03-01 05:39:03'),(148,'Macao',0,0,NULL,0,'2016-03-01 05:39:03'),(149,'Northern Mariana Islands',0,0,NULL,0,'2016-03-01 05:39:03'),(150,'Martinique',0,0,NULL,0,'2016-03-01 05:39:04'),(151,'Mauritania',0,0,NULL,0,'2016-03-01 05:39:04'),(152,'Montserrat',0,0,NULL,0,'2016-03-01 05:39:05'),(153,'Malta',0,0,NULL,0,'2016-03-01 05:39:06'),(154,'Mauritius',0,0,NULL,0,'2016-03-01 05:39:06'),(155,'Maldives',0,0,NULL,0,'2016-03-01 05:39:06'),(156,'Malawi',0,0,NULL,0,'2016-03-01 05:39:07'),(157,'Mexico',0,0,NULL,0,'2016-03-01 05:39:07'),(158,'Malaysia',0,0,NULL,0,'2016-03-01 05:39:08'),(159,'Mozambique',0,0,NULL,0,'2016-03-01 05:39:08'),(160,'Namibia',0,0,NULL,0,'2016-03-01 05:39:09'),(161,'New Caledonia',0,0,NULL,0,'2016-03-01 05:39:09'),(162,'Niger',0,0,NULL,0,'2016-03-01 05:39:09'),(163,'Norfolk Island',0,0,NULL,0,'2016-03-01 05:39:10'),(164,'Nigeria',0,0,NULL,0,'2016-03-01 05:39:10'),(165,'Nicaragua',0,0,NULL,0,'2016-03-01 05:39:11'),(166,'Netherlands',0,0,NULL,0,'2016-03-01 05:39:11'),(167,'Norway',0,0,NULL,0,'2016-03-01 05:39:12'),(168,'Nepal',0,0,NULL,0,'2016-03-01 05:39:12'),(169,'Nauru',0,0,NULL,0,'2016-03-01 05:39:13'),(170,'Niue',0,0,NULL,0,'2016-03-01 05:39:13'),(171,'New Zealand',0,0,NULL,0,'2016-03-01 05:39:14'),(172,'Oman',0,0,NULL,0,'2016-03-01 05:39:14'),(173,'Panama',0,0,NULL,0,'2016-03-01 05:39:15'),(174,'Peru',0,0,NULL,0,'2016-03-01 05:39:15'),(175,'French Polynesia',0,0,NULL,0,'2016-03-01 05:39:16'),(176,'Papua New Guinea',0,0,NULL,0,'2016-03-01 05:39:16'),(177,'Philippines',0,0,NULL,0,'2016-03-01 05:39:16'),(178,'Pakistan',0,0,NULL,0,'2016-03-01 05:39:17'),(179,'Poland',0,0,NULL,0,'2016-03-01 05:39:18'),(180,'Saint Pierre and Miquelon',0,0,NULL,0,'2016-03-01 05:39:18'),(181,'Pitcairn Islands',0,0,NULL,0,'2016-03-01 05:39:19'),(182,'Puerto Rico',0,0,NULL,0,'2016-03-01 05:39:19'),(183,'Palestine',0,0,NULL,0,'2016-03-01 05:39:20'),(184,'Portugal',0,0,NULL,0,'2016-03-01 05:39:20'),(185,'Palau',0,0,NULL,0,'2016-03-01 05:39:21'),(186,'Paraguay',0,0,NULL,0,'2016-03-01 05:39:21'),(187,'Qatar',0,0,NULL,0,'2016-03-01 05:39:22'),(188,'Runion',0,0,NULL,0,'2016-03-01 05:39:22'),(189,'Romania',0,0,NULL,0,'2016-03-01 05:39:22'),(190,'Serbia',0,0,NULL,0,'2016-03-01 05:39:23'),(191,'Russia',0,0,NULL,0,'2016-03-01 05:39:23'),(192,'Rwanda',0,0,NULL,0,'2016-03-01 05:39:24'),(193,'Saudi Arabia',0,0,NULL,0,'2016-03-01 05:39:24'),(194,'Solomon Islands',0,0,NULL,0,'2016-03-01 05:39:25'),(195,'Seychelles',0,0,NULL,0,'2016-03-01 05:39:25'),(196,'Sudan',0,0,NULL,0,'2016-03-01 05:39:26'),(197,'Sweden',0,0,NULL,0,'2016-03-01 05:39:26'),(198,'Singapore',0,0,NULL,0,'2016-03-01 05:39:27'),(199,'Saint Helena',0,0,NULL,0,'2016-03-01 05:39:27'),(200,'Slovenia',0,0,NULL,0,'2016-03-01 05:39:28'),(201,'Svalbard and Jan Mayen',0,0,NULL,0,'2016-03-01 05:39:28'),(202,'Slovakia',0,0,NULL,0,'2016-03-01 05:39:29'),(203,'Sierra Leone',0,0,NULL,0,'2016-03-01 05:39:29'),(204,'San Marino',0,0,NULL,0,'2016-03-01 05:39:30'),(205,'Senegal',0,0,NULL,0,'2016-03-01 05:39:30'),(206,'Somalia',0,0,NULL,0,'2016-03-01 05:39:31'),(207,'Suriname',0,0,NULL,0,'2016-03-01 05:39:31'),(208,'South Sudan',0,0,NULL,0,'2016-03-01 05:39:32'),(209,'So Tom and Prncipe',0,0,NULL,0,'2016-03-01 05:39:32'),(210,'El Salvador',0,0,NULL,0,'2016-03-01 05:39:33'),(211,'Sint Maarten',0,0,NULL,0,'2016-03-01 05:39:33'),(212,'Syria',0,0,NULL,0,'2016-03-01 05:39:34'),(213,'Swaziland',0,0,NULL,0,'2016-03-01 05:39:34'),(214,'Turks and Caicos Islands',0,0,NULL,0,'2016-03-01 05:39:35'),(215,'Chad',0,0,NULL,0,'2016-03-01 05:39:35'),(216,'French Southern Territories',0,0,NULL,0,'2016-03-01 05:39:36'),(217,'Togo',0,0,NULL,0,'2016-03-01 05:39:36'),(218,'Thailand',0,0,NULL,0,'2016-03-01 05:39:37'),(219,'Tajikistan',0,0,NULL,0,'2016-03-01 05:39:37'),(220,'Tokelau',0,0,NULL,0,'2016-03-01 05:39:38'),(221,'East Timor',0,0,NULL,0,'2016-03-01 05:39:38'),(222,'Turkmenistan',0,0,NULL,0,'2016-03-01 05:39:39'),(223,'Tunisia',0,0,NULL,0,'2016-03-01 05:39:39'),(224,'Tonga',0,0,NULL,0,'2016-03-01 05:39:39'),(225,'Turkey',0,0,NULL,0,'2016-03-01 05:39:40'),(226,'Trinidad and Tobago',0,0,NULL,0,'2016-03-01 05:39:40'),(227,'Tuvalu',0,0,NULL,0,'2016-03-01 05:39:41'),(228,'Taiwan',0,0,NULL,0,'2016-03-01 05:39:41'),(229,'Tanzania',0,0,NULL,0,'2016-03-01 05:39:42'),(230,'Ukraine',0,0,NULL,0,'2016-03-01 05:39:42'),(231,'Uganda',0,0,NULL,0,'2016-03-01 05:39:43'),(232,'U.S. Minor Outlying Islands',0,0,NULL,0,'2016-03-01 05:39:43'),(233,'United States',0,0,NULL,0,'2016-03-01 05:39:44'),(234,'Uruguay',0,0,NULL,0,'2016-03-01 05:39:44'),(235,'Uzbekistan',0,0,NULL,0,'2016-03-01 05:39:45'),(236,'Vatican City',0,0,NULL,0,'2016-03-01 05:39:45'),(237,'Saint Vincent and the Grenadines',0,0,NULL,0,'2016-03-01 05:39:46'),(238,'Venezuela',0,0,NULL,0,'2016-03-01 05:39:46'),(239,'British Virgin Islands',0,0,NULL,0,'2016-03-01 05:39:47'),(240,'U.S. Virgin Islands',0,0,NULL,0,'2016-03-01 05:39:47'),(241,'Vietnam',0,0,NULL,0,'2016-03-01 05:39:48'),(242,'Vanuatu',0,0,NULL,0,'2016-03-01 05:39:48'),(243,'Wallis and Futuna',0,0,NULL,0,'2016-03-01 05:39:49'),(244,'Samoa',0,0,NULL,0,'2016-03-01 05:39:49'),(245,'Kosovo',0,0,NULL,0,'2016-03-01 05:39:50'),(246,'Yemen',0,0,NULL,0,'2016-03-01 05:39:50'),(247,'Mayotte',0,0,NULL,0,'2016-03-01 05:39:51'),(248,'South Africa',0,0,NULL,0,'2016-03-01 05:39:51'),(249,'Zambia',0,0,NULL,0,'2016-03-01 05:39:52'),(250,'Zimbabwe',0,0,NULL,0,'2016-03-01 05:39:52');

/*Table structure for table `current_industry` */

DROP TABLE IF EXISTS `current_industry`;

CREATE TABLE `current_industry` (
  `current_industry_id` int(8) NOT NULL AUTO_INCREMENT,
  `industry_name` varchar(128) NOT NULL,
  `icon_path` varchar(256) DEFAULT NULL,
  `is_active` tinyint(1) NOT NULL DEFAULT '1',
  `create_systemuser_id` int(8) NOT NULL,
  `create_timestamp` datetime NOT NULL,
  `update_systemuser_id` int(8) NOT NULL,
  `update_timestamp` timestamp NOT NULL DEFAULT CURRENT_TIMESTAMP ON UPDATE CURRENT_TIMESTAMP,
  PRIMARY KEY (`current_industry_id`),
  UNIQUE KEY `current_industry_id_UNIQUE` (`current_industry_id`)
) ENGINE=InnoDB AUTO_INCREMENT=52 DEFAULT CHARSET=latin1;

/*Data for the table `current_industry` */

insert  into `current_industry`(`current_industry_id`,`industry_name`,`icon_path`,`is_active`,`create_systemuser_id`,`create_timestamp`,`update_systemuser_id`,`update_timestamp`) values (41,'IT-Software',NULL,1,0,'0000-00-00 00:00:00',0,'2016-03-02 02:40:33'),(42,'Manufacturing',NULL,1,0,'0000-00-00 00:00:00',0,'2016-03-02 02:40:33'),(43,'Engineering/Construction',NULL,1,0,'0000-00-00 00:00:00',0,'2016-03-02 02:40:34'),(44,'Education/Training',NULL,1,0,'0000-00-00 00:00:00',0,'2016-03-02 02:40:34'),(45,'BPO/Call Center',NULL,1,0,'0000-00-00 00:00:00',0,'2016-03-02 02:40:35'),(46,'Internet / E-Commerce',NULL,1,0,'0000-00-00 00:00:00',0,'2016-03-02 02:40:35'),(47,'Animation',NULL,1,0,'0000-00-00 00:00:00',0,'2016-03-02 02:40:36'),(48,'Astrology',NULL,1,0,'0000-00-00 00:00:00',0,'2016-03-02 02:40:36'),(49,'Hotel/Restaurant',NULL,1,0,'0000-00-00 00:00:00',0,'2016-03-02 02:40:37'),(50,'Insurance',NULL,1,0,'0000-00-00 00:00:00',0,'2016-03-02 02:40:37'),(51,'KPO',NULL,1,0,'0000-00-00 00:00:00',0,'2016-03-02 02:40:37');

/*Table structure for table `device` */

DROP TABLE IF EXISTS `device`;

CREATE TABLE `device` (
  `user_id` int(8) NOT NULL,
  `device_id` varchar(256) NOT NULL,
  `api_key_id` varchar(256) DEFAULT NULL,
  `device_status_id` int(8) NOT NULL,
  `create_systemuser_id` int(8) NOT NULL,
  `create_timestamp` datetime DEFAULT NULL,
  `update_systemuser_id` int(8) NOT NULL,
  `update_timestamp` timestamp NOT NULL DEFAULT CURRENT_TIMESTAMP ON UPDATE CURRENT_TIMESTAMP,
  PRIMARY KEY (`user_id`),
  UNIQUE KEY `device_id_UNIQUE` (`device_id`),
  UNIQUE KEY `api_key_id_UNIQUE` (`api_key_id`),
  CONSTRAINT `fk_device` FOREIGN KEY (`user_id`) REFERENCES `user` (`user_id`) ON DELETE NO ACTION ON UPDATE NO ACTION
) ENGINE=InnoDB DEFAULT CHARSET=latin1;

/*Data for the table `device` */

insert  into `device`(`user_id`,`device_id`,`api_key_id`,`device_status_id`,`create_systemuser_id`,`create_timestamp`,`update_systemuser_id`,`update_timestamp`) values (4,'APA91bExzVBvE0HAFmn-WCpsJd-kVdMxLIXehCy4DXRC7k_emIxkhe8A1p0LjXTemfRj6HT1UCtdeSVnLm-Wuc1aaVCNqfoDyzm0TExYZUQZubdgLt7V-JE','RupFIEk//NsLhTB3kyM8W9wapGx3m0hqFb455wt583YOCv1CIPl4mxpM0JxhxL5trA7E8/kzd8IMnseWM3cnGvo4LPoSmFtXr+kBcK5y6qtNPiKl/4nc35//CRYNhzBBrLXVcXiKzhbnpQ0YM9hzuDFkUv7qZem2khxanL0J+zFon+ogTSHfM7qcEOtlHh58',1,1,'2016-03-11 00:56:20',1,'2016-03-11 11:26:20'),(10,'9ADF219A-8DD6-4C54-B8A7-E7F63EF0EA30','kNcEjtOnrimHVaSx3gKGwN6qxOTEZEaGP1fLt8uHoBDlvPrET+nKP4345FEs3YaY1CjFqkvKD3lf1Ze7i9K5fw==',1,1,'2016-03-12 00:22:25',1,'2016-03-12 10:52:25'),(20,'APA91bHUAkLJFYAAtq0ZFiyJdwKGNwxS4AIB5SNlbX-pgWDOMvIwS1QNX4xauNjOeLqPcbzdHTePyETxP1PhWozkM2Uf8_klMNsZeKqD7RPDqthy1pSqAY8','UP2ExLWO0JTXlvduc2quougRpcwm+Ky2U63lSyjEtztO1vRRRgM01zJYDfF9zEE8E+2o/WFxO6cF5vKWheRpjDLPTiggIig3qASCCFJ4PGmQ9MbwDmt/EdY9IsHVWG/xbJIYG1udciN85vQzRqOMiqzF7uS0Ref7cAEtFzXECFp5LWtP9VX6Fu0JbFyNuFje',1,1,'2016-03-10 08:19:14',1,'2016-03-10 19:18:17');

/*Table structure for table `device_history` */

DROP TABLE IF EXISTS `device_history`;

CREATE TABLE `device_history` (
  `history_id` int(8) NOT NULL AUTO_INCREMENT,
  `user_id` int(8) NOT NULL,
  `device_id` varchar(128) NOT NULL,
  `mobile` varchar(16) DEFAULT NULL,
  `device_status_id` int(4) NOT NULL,
  `create_user_id` int(8) NOT NULL,
  `create_timestamp` datetime DEFAULT NULL,
  `update_user_id` int(8) NOT NULL,
  `update_timestamp` timestamp NOT NULL DEFAULT CURRENT_TIMESTAMP ON UPDATE CURRENT_TIMESTAMP,
  PRIMARY KEY (`user_id`,`history_id`),
  UNIQUE KEY `user_id_UNIQUE` (`user_id`),
  UNIQUE KEY `history_id` (`history_id`),
  KEY `user_id` (`user_id`),
  CONSTRAINT `fk_device_history_userid` FOREIGN KEY (`user_id`) REFERENCES `user` (`user_id`)
) ENGINE=InnoDB DEFAULT CHARSET=latin1;

/*Data for the table `device_history` */

/*Table structure for table `expertise` */

DROP TABLE IF EXISTS `expertise`;

CREATE TABLE `expertise` (
  `expertise_id` int(4) NOT NULL AUTO_INCREMENT,
  `expertise` varchar(128) NOT NULL,
  `expertise_desc` varchar(256) DEFAULT NULL,
  `icon_path` varchar(256) DEFAULT NULL,
  `is_active` tinyint(1) NOT NULL,
  `create_systemuser_id` int(8) NOT NULL,
  `create_timestamp` datetime DEFAULT NULL,
  `update_systemuser_id` int(8) NOT NULL,
  `update_timestamp` timestamp NOT NULL DEFAULT CURRENT_TIMESTAMP ON UPDATE CURRENT_TIMESTAMP,
  PRIMARY KEY (`expertise_id`),
  UNIQUE KEY `expertise_id_UNIQUE` (`expertise_id`)
) ENGINE=InnoDB AUTO_INCREMENT=12 DEFAULT CHARSET=latin1;

/*Data for the table `expertise` */

insert  into `expertise`(`expertise_id`,`expertise`,`expertise_desc`,`icon_path`,`is_active`,`create_systemuser_id`,`create_timestamp`,`update_systemuser_id`,`update_timestamp`) values (1,'Strategy','Vision, Mission, Planning',NULL,0,0,NULL,0,'2016-03-02 10:11:35'),(2,'Business Plan','Drafting & Finalising',NULL,0,0,NULL,0,'2016-03-02 10:12:11'),(3,'Human Resources','Employee growth, Hiring, Policies',NULL,0,0,NULL,0,'2016-03-02 10:14:59'),(4,'Quality Management','Systems and procedures',NULL,0,0,NULL,0,'2016-03-02 10:15:14'),(5,'Operations/Production','Project management, Admin, Methods',NULL,0,0,NULL,0,'2016-03-02 10:15:35'),(6,'Capital','Financing to start or grow a business',NULL,0,0,NULL,0,'2016-03-02 10:15:49'),(7,'Finance','Cash Flow, Financial systems',NULL,0,0,NULL,0,'2016-03-02 10:16:03'),(8,'Information Technology','Technology advancement, planning',NULL,0,0,NULL,0,'2016-03-02 10:16:17'),(9,'Legal','Setting up/regisering business/contract drafting',NULL,0,0,NULL,0,'2016-03-02 10:16:26'),(10,'Sales','Growth, planning, margins',NULL,0,0,NULL,0,'2016-03-02 10:16:43'),(11,'Marketing/Communications','New markets, branding, digital media, PR',NULL,0,0,NULL,0,'2016-03-02 10:16:56');

/*Table structure for table `goal` */

DROP TABLE IF EXISTS `goal`;

CREATE TABLE `goal` (
  `goal_id` int(8) NOT NULL AUTO_INCREMENT,
  `mentee_user_id` int(8) NOT NULL,
  `mentor_user_id` int(8) DEFAULT NULL,
  `goal_title` varchar(128) NOT NULL,
  `goal_description` text,
  `expertise_id` int(8) DEFAULT NULL,
  `goal_start_date` date DEFAULT NULL,
  `goal_end_date` date NOT NULL,
  `goal_status_id` int(4) NOT NULL,
  `rating_givenby_mentee` int(1) DEFAULT NULL,
  `ratingcomments_givenby_mentee` text,
  `rating_givenby_mentor` int(1) DEFAULT NULL,
  `ratingcomments_givenby_mentor` text,
  `create_systemuser_id` int(8) NOT NULL,
  `create_timestamp` datetime DEFAULT NULL,
  `update_systemuser_id` int(8) NOT NULL,
  `update_timestamp` timestamp NOT NULL DEFAULT CURRENT_TIMESTAMP ON UPDATE CURRENT_TIMESTAMP,
  PRIMARY KEY (`goal_id`),
  UNIQUE KEY `goal_id_UNIQUE` (`goal_id`),
  KEY `mentee_user_id` (`mentee_user_id`),
  KEY `mentor_user_id` (`mentor_user_id`),
  KEY `expertise_id` (`expertise_id`),
  CONSTRAINT `fk_mentee_user_id` FOREIGN KEY (`mentee_user_id`) REFERENCES `user` (`user_id`) ON DELETE NO ACTION ON UPDATE NO ACTION,
  CONSTRAINT `fk_mentor_user_id` FOREIGN KEY (`mentor_user_id`) REFERENCES `user` (`user_id`) ON DELETE NO ACTION ON UPDATE NO ACTION,
  CONSTRAINT `goal_ibfk_1` FOREIGN KEY (`expertise_id`) REFERENCES `expertise` (`expertise_id`) ON DELETE NO ACTION ON UPDATE NO ACTION
) ENGINE=InnoDB AUTO_INCREMENT=26 DEFAULT CHARSET=latin1;

/*Data for the table `goal` */

insert  into `goal`(`goal_id`,`mentee_user_id`,`mentor_user_id`,`goal_title`,`goal_description`,`expertise_id`,`goal_start_date`,`goal_end_date`,`goal_status_id`,`rating_givenby_mentee`,`ratingcomments_givenby_mentee`,`rating_givenby_mentor`,`ratingcomments_givenby_mentor`,`create_systemuser_id`,`create_timestamp`,`update_systemuser_id`,`update_timestamp`) values (1,11,3,'Title','Desc',1,'2016-03-11','2017-03-11',1,1,'Rating test',1,'1',1,'2016-03-10 09:04:00',1,'2016-03-11 19:43:50'),(2,11,4,'Title','Desc',4,'2016-03-11','2017-03-11',1,1,'Rating',1,'1',1,NULL,0,'2016-03-11 19:43:50'),(3,11,3,'Title','Desc',5,'2016-03-11','2017-03-11',1,1,'Rating',1,'1',1,NULL,0,'2016-03-11 19:43:50'),(4,12,4,'Title','Desc',6,'2016-03-11','2017-03-11',1,1,'Rating',1,'1',1,NULL,0,'2016-03-18 13:05:00'),(5,11,4,'Title','Desc',1,'2016-03-11','2017-03-11',1,1,'Rating',1,'1',0,NULL,0,'2016-03-11 19:43:50'),(6,11,3,'Title','Desc',2,'2016-03-11','2017-03-11',1,3,NULL,NULL,NULL,0,NULL,0,'2016-03-11 19:43:50'),(7,12,3,'Title','Desc',1,'2016-03-11','2017-03-11',0,5,NULL,NULL,NULL,0,NULL,0,'2016-03-18 13:05:05'),(11,11,4,'Title','Desc',1,'2016-03-11','2017-03-11',1,1,NULL,NULL,NULL,0,NULL,0,'2016-03-11 19:43:50'),(13,11,NULL,'Title','Desc',NULL,'2016-03-11','2017-03-11',0,NULL,NULL,NULL,NULL,0,NULL,0,'2016-03-11 19:43:50'),(14,11,NULL,'Title','Desc',NULL,'2016-03-11','2017-03-11',0,NULL,NULL,NULL,NULL,0,NULL,0,'2016-03-11 19:43:50'),(18,11,NULL,'Title','Desc',NULL,'2016-03-11','2017-03-11',0,NULL,NULL,NULL,NULL,0,NULL,0,'2016-03-11 19:43:50'),(21,11,NULL,'Title','Desc',NULL,'2016-03-11','2017-03-11',0,NULL,NULL,NULL,NULL,0,NULL,0,'2016-03-11 19:43:50'),(22,11,NULL,'Title','Desc',NULL,'2016-03-11','2017-03-11',0,NULL,NULL,NULL,NULL,0,NULL,0,'2016-03-11 19:43:50'),(24,11,NULL,'Title','Desc',NULL,'2016-03-11','2017-03-11',0,NULL,NULL,NULL,NULL,0,NULL,1,'2016-03-11 19:43:50'),(25,11,NULL,'Title','Desc',NULL,'2016-03-11','2017-03-11',0,NULL,NULL,NULL,NULL,0,NULL,1,'2016-03-11 19:43:50');

/*Table structure for table `mentee_bio` */

DROP TABLE IF EXISTS `mentee_bio`;

CREATE TABLE `mentee_bio` (
  `user_id` int(8) NOT NULL,
  `designation` varchar(128) NOT NULL,
  `company_name` varchar(256) NOT NULL,
  `company_overview` text NOT NULL,
  `year_start` int(8) DEFAULT NULL,
  `company_stage_id` int(4) NOT NULL,
  `no_cofounders` int(8) DEFAULT NULL,
  `no_employees` int(8) DEFAULT NULL,
  `annual_revenue` float DEFAULT NULL,
  `current_industry_id` int(4) NOT NULL,
  `capital_sources` int(4) NOT NULL,
  `create_systemuser_id` int(8) NOT NULL,
  `create_timestamp` datetime DEFAULT NULL,
  `update_systemuser_id` int(8) NOT NULL,
  `update_timestamp` timestamp NOT NULL DEFAULT CURRENT_TIMESTAMP ON UPDATE CURRENT_TIMESTAMP,
  PRIMARY KEY (`user_id`),
  UNIQUE KEY `user_id_UNIQUE` (`user_id`),
  UNIQUE KEY `designation` (`designation`),
  KEY `user_id` (`user_id`),
  KEY `company_stage_id` (`company_stage_id`),
  KEY `current_idustry_id` (`current_industry_id`),
  KEY `capital_sources` (`capital_sources`),
  CONSTRAINT `fk_current_idustry_id` FOREIGN KEY (`current_industry_id`) REFERENCES `current_industry` (`current_industry_id`) ON DELETE NO ACTION ON UPDATE NO ACTION,
  CONSTRAINT `fk_mentee_bio` FOREIGN KEY (`user_id`) REFERENCES `user` (`user_id`) ON DELETE NO ACTION ON UPDATE NO ACTION,
  CONSTRAINT `fk_mentee_bio_capital_sourcesid` FOREIGN KEY (`capital_sources`) REFERENCES `capital_sources` (`capital_sources_id`) ON DELETE NO ACTION ON UPDATE NO ACTION,
  CONSTRAINT `fk_mentee_companystage_id` FOREIGN KEY (`company_stage_id`) REFERENCES `company_stage` (`company_stage_id`) ON DELETE NO ACTION ON UPDATE NO ACTION
) ENGINE=InnoDB DEFAULT CHARSET=latin1;

/*Data for the table `mentee_bio` */

insert  into `mentee_bio`(`user_id`,`designation`,`company_name`,`company_overview`,`year_start`,`company_stage_id`,`no_cofounders`,`no_employees`,`annual_revenue`,`current_industry_id`,`capital_sources`,`create_systemuser_id`,`create_timestamp`,`update_systemuser_id`,`update_timestamp`) values (1,'Founder','CYS','details saved saves',2016,4,5,5,5,48,1,1,'2016-03-31 10:05:53',1,'2016-03-10 17:22:52'),(2,' CTO','Mercuryminds','Good',2009,5,1,44,10,41,4,1,'2016-03-24 10:05:58',1,'2016-03-09 15:29:52'),(6,'Professor','Cognizant','Organzed Company',2017,5,4,45,10000,41,4,1,'2016-03-24 10:05:58',1,'2016-03-07 10:11:23'),(7,'Student','TCS','IT Services',2015,1,1,15,20000,45,1,1,'2016-03-23 10:05:42',1,'2016-03-07 10:12:05'),(9,'Teacher','CTS','Test Teaching',2011,1,4,45,10000,41,2,1,'2016-03-25 10:21:45',1,'2016-03-24 19:52:02'),(10,'Developer','CTS','Test Company',2015,3,3,55,30000,44,4,1,'2016-03-18 10:28:17',1,'2016-03-07 11:09:55'),(12,'Tester','CTS','Test Company',2015,3,3,55,30000,44,4,1,'2016-03-18 10:28:17',1,'2016-03-18 19:58:23'),(14,'Assistant','TCS','Technical',2015,1,4,45,40000,43,3,1,'2016-03-25 11:11:26',1,'2016-03-18 20:41:36'),(15,'Manager','Simbiosis','PHYSICS Expert',2016,1,1,1,1000,41,1,1,'2016-03-26 11:13:27',0,'2016-03-07 11:14:24'),(16,'Lead','SRM','IT expert',2013,1,4,45,10000,42,2,1,'2016-03-26 11:15:15',0,'2016-03-07 11:15:19'),(17,'Module Lead','Tech Mahindra','Mahindra ',2015,1,4,45,50000,41,2,1,'2016-03-08 11:19:51',1,'2016-03-24 20:50:01'),(18,'testing','Apple','Wadhwani Foundation ',2015,6,6,10,555555,48,1,1,'2016-03-26 11:48:12',0,'2016-03-08 17:01:57'),(19,'Worker','MNC','Nen',2001,2,100,450,1000,43,1,1,'2016-03-31 11:49:04',0,'2016-03-08 17:07:47'),(20,'User','USeman','USing',2015,1,5,43,10000,41,2,1,'2016-03-26 11:49:50',0,'2016-03-23 21:20:01');

/*Table structure for table `mentor_bio` */

DROP TABLE IF EXISTS `mentor_bio`;

CREATE TABLE `mentor_bio` (
  `user_id` int(8) NOT NULL,
  `professional_summary` text NOT NULL,
  `qualification` varchar(128) DEFAULT NULL,
  `current_industry_id` int(4) NOT NULL,
  `previously_mentored` tinyint(1) NOT NULL DEFAULT '0',
  `create_systemuser_id` int(8) NOT NULL,
  `create_timestamp` datetime DEFAULT NULL,
  `update_systemuser_id` int(8) NOT NULL,
  `update_timestamp` timestamp NOT NULL DEFAULT CURRENT_TIMESTAMP ON UPDATE CURRENT_TIMESTAMP,
  PRIMARY KEY (`user_id`),
  UNIQUE KEY `user_id_UNIQUE` (`user_id`),
  KEY `user_id` (`user_id`),
  KEY `current_industry_id` (`current_industry_id`),
  CONSTRAINT `fk_mentorbio_currentindustry_id` FOREIGN KEY (`current_industry_id`) REFERENCES `current_industry` (`current_industry_id`) ON DELETE NO ACTION ON UPDATE NO ACTION,
  CONSTRAINT `fk_mentorbio_userid` FOREIGN KEY (`user_id`) REFERENCES `user` (`user_id`) ON DELETE NO ACTION ON UPDATE NO ACTION
) ENGINE=InnoDB DEFAULT CHARSET=latin1;

/*Data for the table `mentor_bio` */

insert  into `mentor_bio`(`user_id`,`professional_summary`,`qualification`,`current_industry_id`,`previously_mentored`,`create_systemuser_id`,`create_timestamp`,`update_systemuser_id`,`update_timestamp`) values (3,'products test','B-Tech Bio',42,1,1,'2016-03-07 15:25:22',1,'2016-03-09 18:01:51'),(4,'Graphics Artist','M-Tech1',48,1,1,'2016-03-07 15:25:28',1,'2016-03-10 19:00:50'),(5,'IT','CS',43,1,1,'2016-03-07 15:26:20',1,'2016-03-07 15:34:35'),(10,'Programme','IT',42,1,1,'2016-03-07 15:25:07',1,'2016-03-08 01:55:12'),(11,'Test Product','be',41,1,1,'2016-03-07 15:26:49',1,'2016-03-10 17:02:16');

/*Table structure for table `mentor_company_stage` */

DROP TABLE IF EXISTS `mentor_company_stage`;

CREATE TABLE `mentor_company_stage` (
  `mentor_companystage_id` int(8) NOT NULL AUTO_INCREMENT,
  `mentor_user_id` int(8) NOT NULL,
  `company_stage_id` int(8) NOT NULL,
  `create_systemuser_id` int(8) NOT NULL,
  `create_timestamp` datetime DEFAULT NULL,
  `update_systemuser_id` int(8) NOT NULL,
  `update_timestamp` timestamp NOT NULL DEFAULT CURRENT_TIMESTAMP ON UPDATE CURRENT_TIMESTAMP,
  PRIMARY KEY (`mentor_companystage_id`),
  UNIQUE KEY `mentor_company_stage_id_UNIQUE` (`mentor_companystage_id`),
  KEY `mentor_user_id` (`mentor_user_id`),
  KEY ` company_stage_id` (`company_stage_id`),
  CONSTRAINT `fk_mentor_companystage_companystageid` FOREIGN KEY (`company_stage_id`) REFERENCES `company_stage` (`company_stage_id`) ON DELETE NO ACTION ON UPDATE NO ACTION,
  CONSTRAINT `fk_mentor_companystage_userid` FOREIGN KEY (`mentor_user_id`) REFERENCES `user` (`user_id`) ON DELETE NO ACTION ON UPDATE NO ACTION
) ENGINE=InnoDB AUTO_INCREMENT=10 DEFAULT CHARSET=latin1;

/*Data for the table `mentor_company_stage` */

insert  into `mentor_company_stage`(`mentor_companystage_id`,`mentor_user_id`,`company_stage_id`,`create_systemuser_id`,`create_timestamp`,`update_systemuser_id`,`update_timestamp`) values (3,4,1,1,'2016-03-07 15:22:09',1,'2016-03-07 15:33:04'),(5,3,5,1,'2016-03-07 15:22:14',1,'2016-03-07 15:34:44'),(7,10,2,1,'2016-03-07 15:22:01',1,'2016-03-07 15:22:23'),(8,5,1,1,'2016-03-07 15:27:15',1,'2016-03-07 15:33:15'),(9,11,1,1,'2016-03-07 15:27:38',1,'2016-03-07 15:33:10');

/*Table structure for table `mentor_expertise` */

DROP TABLE IF EXISTS `mentor_expertise`;

CREATE TABLE `mentor_expertise` (
  `mentor_expertise_id` int(8) NOT NULL AUTO_INCREMENT,
  `mentor_user_id` int(8) NOT NULL,
  `expertise_id` int(8) NOT NULL,
  `create_systemuser_id` int(8) NOT NULL,
  `create_timestamp` datetime DEFAULT NULL,
  `update_systemuser_id` int(8) NOT NULL,
  `update_timestamp` timestamp NOT NULL DEFAULT CURRENT_TIMESTAMP ON UPDATE CURRENT_TIMESTAMP,
  PRIMARY KEY (`mentor_expertise_id`),
  UNIQUE KEY `mentor_expertise_id_UNIQUE` (`mentor_expertise_id`),
  KEY `mentor_user_id` (`mentor_user_id`),
  KEY `expertise_id` (`expertise_id`),
  CONSTRAINT `fk_mentor_expertise` FOREIGN KEY (`expertise_id`) REFERENCES `expertise` (`expertise_id`) ON DELETE NO ACTION ON UPDATE NO ACTION,
  CONSTRAINT `fk_mentor_expertise_userid` FOREIGN KEY (`mentor_user_id`) REFERENCES `user` (`user_id`) ON DELETE NO ACTION ON UPDATE NO ACTION
) ENGINE=InnoDB AUTO_INCREMENT=10 DEFAULT CHARSET=latin1;

/*Data for the table `mentor_expertise` */

insert  into `mentor_expertise`(`mentor_expertise_id`,`mentor_user_id`,`expertise_id`,`create_systemuser_id`,`create_timestamp`,`update_systemuser_id`,`update_timestamp`) values (1,3,1,1,'2016-03-07 15:16:58',1,'2016-03-09 17:59:32'),(5,4,5,1,'2016-03-07 15:17:43',1,'2016-03-07 15:21:18'),(7,10,6,1,'2016-03-07 15:16:49',1,'2016-03-07 15:21:07'),(8,5,11,1,'2016-03-07 15:28:32',1,'2016-03-07 15:28:43'),(9,11,7,1,'2016-03-07 15:28:56',1,'2016-03-09 17:20:46');

/*Table structure for table `mentor_industry_interest` */

DROP TABLE IF EXISTS `mentor_industry_interest`;

CREATE TABLE `mentor_industry_interest` (
  `mentor_ industryinterest_id` int(8) NOT NULL AUTO_INCREMENT,
  `mentor_user_id` int(8) NOT NULL,
  `industry_interest_id` int(8) NOT NULL,
  `create_systemuser_id` int(8) NOT NULL,
  `create_timestamp` datetime DEFAULT NULL,
  `update_systemuser_id` int(8) NOT NULL,
  `update_timestamp` timestamp NOT NULL DEFAULT CURRENT_TIMESTAMP ON UPDATE CURRENT_TIMESTAMP,
  PRIMARY KEY (`mentor_ industryinterest_id`),
  UNIQUE KEY `mentor_industry_intrest_id_UNIQUE` (`mentor_ industryinterest_id`),
  KEY `mentor_user_id` (`mentor_user_id`),
  KEY `industry_interest_id` (`industry_interest_id`),
  CONSTRAINT `fk_mentor_industryinterest_currentindustry` FOREIGN KEY (`industry_interest_id`) REFERENCES `current_industry` (`current_industry_id`) ON DELETE NO ACTION ON UPDATE NO ACTION,
  CONSTRAINT `fk_mentor_industryinterest_userid` FOREIGN KEY (`mentor_user_id`) REFERENCES `user` (`user_id`) ON DELETE NO ACTION ON UPDATE NO ACTION
) ENGINE=InnoDB AUTO_INCREMENT=8 DEFAULT CHARSET=latin1;

/*Data for the table `mentor_industry_interest` */

insert  into `mentor_industry_interest`(`mentor_ industryinterest_id`,`mentor_user_id`,`industry_interest_id`,`create_systemuser_id`,`create_timestamp`,`update_systemuser_id`,`update_timestamp`) values (1,3,44,1,'2016-03-07 15:19:05',1,'2016-03-09 17:59:57'),(2,4,44,1,'2016-03-07 15:19:14',1,'2016-03-07 15:19:32'),(5,10,44,1,'2016-03-06 15:18:42',1,'2016-03-07 15:19:24'),(6,5,44,1,'2016-03-21 15:23:05',1,'2016-03-07 15:23:12'),(7,11,44,1,'2016-03-07 15:28:11',1,'2016-03-07 15:28:15');

/*Table structure for table `mentor_mentee_request` */

DROP TABLE IF EXISTS `mentor_mentee_request`;

CREATE TABLE `mentor_mentee_request` (
  `request_id` int(8) NOT NULL,
  `goal_id` int(8) NOT NULL,
  `mentor_user_id` int(8) NOT NULL,
  `mentee_user_id` int(8) DEFAULT NULL,
  `request_status_id` int(4) NOT NULL,
  `requested_date` date NOT NULL,
  `accepted_date` date DEFAULT NULL,
  `create_systemuser_id` int(8) NOT NULL,
  `create_timestamp` datetime DEFAULT NULL,
  `update_systemuser_id` int(8) NOT NULL,
  `update_timestamp` timestamp NOT NULL DEFAULT CURRENT_TIMESTAMP ON UPDATE CURRENT_TIMESTAMP,
  PRIMARY KEY (`request_id`),
  UNIQUE KEY `request_id_UNIQUE` (`request_id`),
  UNIQUE KEY `goal_id_UNIQUE` (`goal_id`),
  KEY `goal_id` (`goal_id`),
  KEY `mentor_user_id` (`mentor_user_id`),
  KEY `goal_id_2` (`goal_id`),
  KEY `mentor_user_id_2` (`mentor_user_id`),
  KEY `mentee_user_id` (`mentee_user_id`),
  CONSTRAINT `fk_mentormenteerequest_goalid` FOREIGN KEY (`goal_id`) REFERENCES `goal` (`goal_id`) ON DELETE NO ACTION ON UPDATE NO ACTION,
  CONSTRAINT `fk_mentormenteerequest_mentee_usersid` FOREIGN KEY (`mentee_user_id`) REFERENCES `user` (`user_id`) ON DELETE NO ACTION ON UPDATE NO ACTION,
  CONSTRAINT `fk_mentormenteerequest_mentor_userid` FOREIGN KEY (`mentor_user_id`) REFERENCES `user` (`user_id`) ON DELETE NO ACTION ON UPDATE NO ACTION
) ENGINE=InnoDB DEFAULT CHARSET=latin1;

/*Data for the table `mentor_mentee_request` */

/*Table structure for table `mentor_mentee_score` */

DROP TABLE IF EXISTS `mentor_mentee_score`;

CREATE TABLE `mentor_mentee_score` (
  `id` int(10) NOT NULL AUTO_INCREMENT,
  `user_id` int(10) DEFAULT NULL,
  `mentor_id` int(10) DEFAULT NULL,
  `goal_id` int(10) DEFAULT NULL,
  `mentor_score` int(10) DEFAULT NULL,
  `create_systemuser_id` int(10) DEFAULT NULL,
  `create_timestamp` datetime DEFAULT NULL,
  `update_systemuser_id` int(11) DEFAULT NULL,
  `update_timestamp` datetime DEFAULT NULL,
  PRIMARY KEY (`id`)
) ENGINE=InnoDB AUTO_INCREMENT=33 DEFAULT CHARSET=latin1;

/*Data for the table `mentor_mentee_score` */

insert  into `mentor_mentee_score`(`id`,`user_id`,`mentor_id`,`goal_id`,`mentor_score`,`create_systemuser_id`,`create_timestamp`,`update_systemuser_id`,`update_timestamp`) values (1,3,3,1,119,3,'2016-03-18 13:16:37',3,'2016-03-18 13:16:37'),(2,4,4,1,60,4,'2016-03-18 13:16:37',4,'2016-03-18 13:16:37'),(3,5,5,1,54,5,'2016-03-18 13:16:37',5,'2016-03-18 13:16:37'),(4,10,10,1,170,10,'2016-03-18 13:16:37',10,'2016-03-18 13:16:37'),(5,11,3,1,119,11,'2016-03-18 13:18:54',11,'2016-03-18 13:18:54'),(6,11,4,1,176,11,'2016-03-18 13:18:54',11,'2016-03-18 13:18:54'),(7,11,5,1,170,11,'2016-03-18 13:18:54',11,'2016-03-18 13:18:54'),(8,11,10,1,54,11,'2016-03-18 13:18:54',11,'2016-03-18 13:18:54'),(9,11,3,2,69,11,'2016-03-18 13:18:54',11,'2016-03-18 13:18:54'),(10,11,4,2,176,11,'2016-03-18 13:18:54',11,'2016-03-18 13:18:54'),(11,11,5,2,170,11,'2016-03-18 13:18:54',11,'2016-03-18 13:18:54'),(12,11,10,2,54,11,'2016-03-18 13:18:54',11,'2016-03-18 13:18:54'),(13,11,3,3,69,11,'2016-03-18 13:18:54',11,'2016-03-18 13:18:54'),(14,11,4,3,226,11,'2016-03-18 13:18:54',11,'2016-03-18 13:18:54'),(15,11,5,3,170,11,'2016-03-18 13:18:55',11,'2016-03-18 13:18:55'),(16,11,10,3,54,11,'2016-03-18 13:18:55',11,'2016-03-18 13:18:55'),(17,12,3,4,69,12,'2016-03-18 13:18:55',12,'2016-03-18 13:18:55'),(18,12,4,4,60,12,'2016-03-18 13:18:55',12,'2016-03-18 13:18:55'),(19,12,5,4,54,12,'2016-03-18 13:18:55',12,'2016-03-18 13:18:55'),(20,12,10,4,220,12,'2016-03-18 13:18:55',12,'2016-03-18 13:18:55'),(21,11,3,5,119,11,'2016-03-18 13:18:55',11,'2016-03-18 13:18:55'),(22,11,4,5,176,11,'2016-03-18 13:18:55',11,'2016-03-18 13:18:55'),(23,11,5,5,170,11,'2016-03-18 13:18:55',11,'2016-03-18 13:18:55'),(24,11,10,5,54,11,'2016-03-18 13:18:55',11,'2016-03-18 13:18:55'),(25,11,3,6,69,11,'2016-03-18 13:18:55',11,'2016-03-18 13:18:55'),(26,11,4,6,176,11,'2016-03-18 13:18:55',11,'2016-03-18 13:18:55'),(27,11,5,6,170,11,'2016-03-18 13:18:55',11,'2016-03-18 13:18:55'),(28,11,10,6,54,11,'2016-03-18 13:18:55',11,'2016-03-18 13:18:55'),(29,11,3,11,119,11,'2016-03-18 13:18:56',11,'2016-03-18 13:18:56'),(30,11,4,11,176,11,'2016-03-18 13:18:56',11,'2016-03-18 13:18:56'),(31,11,5,11,170,11,'2016-03-18 13:18:56',11,'2016-03-18 13:18:56'),(32,11,10,11,54,11,'2016-03-18 13:18:56',11,'2016-03-18 13:18:56');

/*Table structure for table `mentor_mentee_weightage_criteria` */

DROP TABLE IF EXISTS `mentor_mentee_weightage_criteria`;

CREATE TABLE `mentor_mentee_weightage_criteria` (
  `id` int(10) NOT NULL AUTO_INCREMENT,
  `weightage_criteria` varchar(255) DEFAULT NULL,
  `weightage_value` int(10) DEFAULT NULL,
  PRIMARY KEY (`id`)
) ENGINE=InnoDB AUTO_INCREMENT=11 DEFAULT CHARSET=latin1;

/*Data for the table `mentor_mentee_weightage_criteria` */

insert  into `mentor_mentee_weightage_criteria`(`id`,`weightage_criteria`,`weightage_value`) values (1,'Primary city',60),(2,'Secondary city',58),(3,'State',56),(4,'Country',54),(5,'Skills',50),(6,'Adjacent skills ',40),(7,'Ratings',30),(8,'Mentoring stage',30),(9,'Request accept history',20),(10,'Request reject history',5);

/*Table structure for table `registration_invitation` */

DROP TABLE IF EXISTS `registration_invitation`;

CREATE TABLE `registration_invitation` (
  `invitation_id` int(8) NOT NULL AUTO_INCREMENT,
  `first_name` varchar(128) NOT NULL,
  `last_name` varchar(128) DEFAULT NULL,
  `email` varchar(128) NOT NULL,
  `mobile` varchar(16) NOT NULL,
  `invitation_code` int(8) NOT NULL,
  `invitation_status_id` int(8) NOT NULL,
  `create_systemuser_id` int(8) NOT NULL,
  `create_timestamp` datetime DEFAULT NULL,
  `update_systemuser_id` int(8) NOT NULL,
  `update_timestamp` timestamp NOT NULL DEFAULT CURRENT_TIMESTAMP ON UPDATE CURRENT_TIMESTAMP,
  PRIMARY KEY (`invitation_id`),
  UNIQUE KEY `invitation_id_UNIQUE` (`invitation_id`),
  UNIQUE KEY `email_UNIQUE` (`email`),
  UNIQUE KEY `mobile_UNIQUE` (`mobile`),
  UNIQUE KEY `invitation_code_UNIQUE` (`invitation_code`)
) ENGINE=InnoDB AUTO_INCREMENT=24 DEFAULT CHARSET=latin1;

/*Data for the table `registration_invitation` */

insert  into `registration_invitation`(`invitation_id`,`first_name`,`last_name`,`email`,`mobile`,`invitation_code`,`invitation_status_id`,`create_systemuser_id`,`create_timestamp`,`update_systemuser_id`,`update_timestamp`) values (1,'F','L','E','098765432',123456,1,1,'2016-03-04 12:44:45',1,'2016-03-09 18:43:48'),(2,'Satish','Singh','rajaram@mercuryminds.com','546474',123457,1,1,'2016-03-04 12:55:51',1,'2016-03-11 11:25:14'),(3,'Kareeb','hussain','sarrtrtr@fmail.com','1234567890',123458,1,1,'2016-03-05 13:01:20',1,'2016-03-12 10:46:04'),(4,'Venkatesh','Deshpande','venkatesh@gmail.com','7708958177',123321,2,1,'2016-03-05 13:03:51',1,'2016-03-12 10:39:34'),(6,'Saran','Raj','mercurytest5@gmail.com','9776468775',555444,1,1,'2016-03-14 11:58:47',1,'2016-03-12 10:46:04'),(7,'Rajasekhar','Lankeshwar','mercurytest15@gmail.com','878996567',666333,1,1,'2016-03-14 12:00:34',1,'2016-03-09 17:51:30'),(9,'Rajaram','Sankaralingam','mercurytest17@gmail.com','878996568',222444,1,1,'2016-03-08 12:02:21',1,'2016-03-12 10:39:32'),(10,'Satish','Singh','mercurytest135@gmail.com','878996599',996599,2,1,'2016-03-14 12:05:06',1,'2016-03-12 10:52:25'),(11,'SatishkrSingh','Singh','bittusingh66@gmail.com','878996596',999888,1,1,'2016-03-08 12:07:51',1,'2016-03-12 10:46:03'),(12,'Prabhu','Sudar','testsingh66@gmail.com','778996596',333444,1,1,'2016-03-09 12:09:10',1,'2016-03-18 21:39:18'),(13,'Prabhakar','Desasi','satishkumar.singh@gmail.com','888996596',224455,1,1,'2016-03-22 12:11:10',1,'2016-03-07 12:12:37'),(14,'Lawrence','prabha','testkumar.singh@gmail.com','875476889',222777,1,1,'2016-03-14 12:12:46',1,'2016-03-12 10:39:33'),(15,'Pacchiyapan','NAotyet','lawrence.danny@gmail.com','875476888',876986,1,1,'2016-03-14 12:15:45',1,'2016-03-08 17:13:25'),(16,'Ragul','Tintong','law.danny@gmail.com','875576888',453456,1,1,'2016-03-21 12:17:05',1,'2016-03-08 17:13:31'),(17,'Krishh','Navanethan','satish@gmail.com','676576889',678989,1,1,'2016-03-22 12:26:26',1,'2016-03-12 10:39:35'),(18,'Benjamin','Franklin','satish333@gmail.com','999976889',768709,1,1,'2016-03-22 12:29:20',1,'2016-03-12 10:39:35'),(19,'Betshpan','Bejabarua','satish173@gmail.com','999876889',199120,1,1,'2016-03-21 12:30:20',1,'2016-03-10 18:25:16'),(20,'Heath','Showman','satish183@gmail.com','999876888',200234,2,1,'2016-03-15 12:31:31',1,'2016-03-12 10:46:05');

/*Table structure for table `reported_problems` */

DROP TABLE IF EXISTS `reported_problems`;

CREATE TABLE `reported_problems` (
  `problem_id` int(8) NOT NULL AUTO_INCREMENT,
  `reported_by` int(8) DEFAULT NULL,
  `email` varchar(128) NOT NULL,
  `mobile` varchar(16) DEFAULT NULL,
  `subject` varchar(256) NOT NULL,
  `message` text NOT NULL,
  `create_systemuser_id` int(8) NOT NULL,
  `create_timestamp` datetime DEFAULT NULL,
  `update_systemuser_id` int(8) NOT NULL,
  `update_timestamp` timestamp NOT NULL DEFAULT CURRENT_TIMESTAMP ON UPDATE CURRENT_TIMESTAMP,
  PRIMARY KEY (`problem_id`),
  UNIQUE KEY `problem_id_UNIQUE` (`problem_id`),
  KEY `reported_by` (`reported_by`),
  CONSTRAINT `fk_reportedproblems_userid` FOREIGN KEY (`reported_by`) REFERENCES `user` (`user_id`) ON DELETE NO ACTION ON UPDATE NO ACTION
) ENGINE=InnoDB DEFAULT CHARSET=latin1;

/*Data for the table `reported_problems` */

/*Table structure for table `settings` */

DROP TABLE IF EXISTS `settings`;

CREATE TABLE `settings` (
  `system_setting_id` int(8) NOT NULL AUTO_INCREMENT,
  `setting_title` varchar(128) NOT NULL,
  `string_value` varchar(256) NOT NULL,
  `number_value` int(8) DEFAULT NULL,
  `date_value` date DEFAULT NULL,
  `create_systemuser_id` int(8) NOT NULL,
  `create_timestamp` datetime DEFAULT NULL,
  `update_systemuser_id` int(8) NOT NULL,
  `update_timestamp` timestamp NOT NULL DEFAULT CURRENT_TIMESTAMP ON UPDATE CURRENT_TIMESTAMP,
  PRIMARY KEY (`system_setting_id`),
  UNIQUE KEY `system_setting_id_UNIQUE` (`system_setting_id`)
) ENGINE=InnoDB DEFAULT CHARSET=latin1;

/*Data for the table `settings` */

/*Table structure for table `state` */

DROP TABLE IF EXISTS `state`;

CREATE TABLE `state` (
  `state_id` int(8) NOT NULL AUTO_INCREMENT,
  `country_id` int(8) NOT NULL,
  `state` varchar(128) NOT NULL,
  `is_active` tinyint(1) NOT NULL,
  `create_systemuser_id` int(8) NOT NULL,
  `create_timestamp` datetime DEFAULT NULL,
  `update_systemuser_id` int(8) NOT NULL,
  `update_timestamp` timestamp NOT NULL DEFAULT CURRENT_TIMESTAMP ON UPDATE CURRENT_TIMESTAMP,
  PRIMARY KEY (`state_id`),
  UNIQUE KEY `state_id_UNIQUE` (`state_id`),
  KEY `country_id` (`country_id`),
  CONSTRAINT `fk_state_countryid` FOREIGN KEY (`country_id`) REFERENCES `country` (`country_id`) ON DELETE NO ACTION ON UPDATE NO ACTION
) ENGINE=InnoDB AUTO_INCREMENT=36 DEFAULT CHARSET=latin1;

/*Data for the table `state` */

insert  into `state`(`state_id`,`country_id`,`state`,`is_active`,`create_systemuser_id`,`create_timestamp`,`update_systemuser_id`,`update_timestamp`) values (1,105,'TAMIL NADU',1,1,'2016-03-30 00:25:27',0,'2016-03-06 18:15:50'),(2,105,'ANDAMAN AND NICOBAR ISLANDS',0,0,NULL,0,'2016-03-06 18:05:58'),(3,105,'ANDHRA PRADESH',0,0,NULL,0,'2016-03-06 18:05:58'),(4,105,'ARUNACHAL PRADESH',0,0,NULL,0,'2016-03-06 18:05:58'),(5,105,'ASSAM',0,0,NULL,0,'2016-03-06 18:05:58'),(6,105,'BIHAR',0,0,NULL,0,'2016-03-06 18:05:58'),(7,105,'CHATTISGARH',0,0,NULL,0,'2016-03-06 18:05:58'),(8,105,'CHANDIGARH',0,0,NULL,0,'2016-03-06 18:05:58'),(9,105,'DAMAN AND DIU',0,0,NULL,0,'2016-03-06 18:05:58'),(10,105,'DELHI',0,0,NULL,0,'2016-03-06 18:05:58'),(11,105,'DADRA AND NAGAR HAVELI',0,0,NULL,0,'2016-03-06 18:05:58'),(12,105,'GOA',0,0,NULL,0,'2016-03-06 18:05:58'),(13,105,'GUJARAT',0,0,NULL,0,'2016-03-06 18:05:58'),(14,105,'HIMACHAL PRADESH',0,0,NULL,0,'2016-03-06 18:05:58'),(15,105,'HARYANA',0,0,NULL,0,'2016-03-06 18:05:58'),(16,105,'JAMMU AND KASHMIR',0,0,NULL,0,'2016-03-06 18:05:58'),(17,105,'JHARKHAND',0,0,NULL,0,'2016-03-06 18:05:58'),(18,105,'KERALA',0,0,NULL,0,'2016-03-06 18:05:58'),(19,105,'KARNATAKA',0,0,NULL,0,'2016-03-06 18:05:58'),(20,105,'LAKSHADWEEP',0,0,NULL,0,'2016-03-06 18:05:58'),(21,105,'MEGHALAYA',0,0,NULL,0,'2016-03-06 18:05:58'),(22,105,'MAHARASHTRA',0,0,NULL,0,'2016-03-06 18:05:58'),(23,105,'MANIPUR',0,0,NULL,0,'2016-03-06 18:05:58'),(24,105,'MADHYA PRADESH',0,0,NULL,0,'2016-03-06 18:05:58'),(25,105,'MIZORAM',0,0,NULL,0,'2016-03-06 18:05:58'),(26,105,'NAGALAND',0,0,NULL,0,'2016-03-06 18:05:58'),(28,105,'ORISSA',0,0,NULL,0,'2016-03-06 18:05:58'),(29,105,'PUNJAB',0,0,NULL,0,'2016-03-06 18:05:58'),(30,105,'PONDICHERRY',0,0,NULL,0,'2016-03-06 18:05:58'),(31,105,'RAJASTHAN',0,0,NULL,0,'2016-03-06 18:05:58'),(32,105,'SIKKIM',0,0,NULL,0,'2016-03-06 18:05:58'),(33,105,'UTTARAKHAND',0,0,NULL,0,'2016-03-06 18:05:58'),(34,105,'UTTAR PRADESH',0,0,NULL,0,'2016-03-06 18:05:58'),(35,105,'WEST BENGAL',0,0,NULL,0,'2016-03-06 18:05:58');

/*Table structure for table `status` */

DROP TABLE IF EXISTS `status`;

CREATE TABLE `status` (
  `id` int(11) NOT NULL,
  `status` varchar(45) DEFAULT NULL,
  PRIMARY KEY (`id`)
) ENGINE=MyISAM DEFAULT CHARSET=utf8;

/*Data for the table `status` */

insert  into `status`(`id`,`status`) values (0,'InvitationCodeSent'),(1,'InvitationCodeSent'),(2,'CodeVerified'),(3,'CodeResent'),(4,'CodeExpired');

/*Table structure for table `system_user` */

DROP TABLE IF EXISTS `system_user`;

CREATE TABLE `system_user` (
  `system_user_id` int(8) NOT NULL AUTO_INCREMENT,
  `email` int(128) DEFAULT NULL,
  `mobile` int(16) DEFAULT NULL,
  `username` int(32) NOT NULL,
  `password` int(32) NOT NULL,
  `is_active` int(1) NOT NULL,
  `create_systemuser_id` int(8) NOT NULL,
  `create_timestamp` datetime DEFAULT NULL,
  `update_systemuser_id` int(8) NOT NULL,
  `update_timestamp` timestamp NOT NULL DEFAULT CURRENT_TIMESTAMP ON UPDATE CURRENT_TIMESTAMP,
  PRIMARY KEY (`system_user_id`)
) ENGINE=InnoDB DEFAULT CHARSET=latin1;

/*Data for the table `system_user` */

/*Table structure for table `user` */

DROP TABLE IF EXISTS `user`;

CREATE TABLE `user` (
  `user_id` int(8) NOT NULL,
  `nen_user_id` int(8) NOT NULL,
  `user_title` varchar(16) DEFAULT NULL,
  `first_name` varchar(128) NOT NULL,
  `last_name` varchar(128) NOT NULL,
  `gender` varchar(32) NOT NULL,
  `dob` date DEFAULT NULL,
  `email` varchar(128) NOT NULL,
  `mobile` varchar(16) NOT NULL,
  `address1` varchar(256) DEFAULT NULL,
  `address2` varchar(256) DEFAULT NULL,
  `city_id` int(8) NOT NULL,
  `postcode` varchar(8) DEFAULT NULL,
  `profile_image_path` varchar(256) DEFAULT NULL,
  `linkedin_profile_url` varchar(256) DEFAULT NULL,
  `is_profile_complete` tinyint(1) DEFAULT NULL,
  `user_type` int(1) NOT NULL,
  `user_status` int(1) NOT NULL,
  `is_mobile_verified` tinyint(1) NOT NULL,
  `is_email_verified` tinyint(1) NOT NULL,
  `create_systemuser_id` int(8) NOT NULL,
  `create_timestamp` datetime DEFAULT NULL,
  `update_systemuser_id` int(8) NOT NULL,
  `update_timestamp` timestamp NOT NULL DEFAULT CURRENT_TIMESTAMP ON UPDATE CURRENT_TIMESTAMP,
  UNIQUE KEY ` user_id_UNIQUE` (`user_id`),
  UNIQUE KEY `Email_UNIQUE` (`email`),
  UNIQUE KEY `mobile_UNIQUE` (`mobile`),
  UNIQUE KEY `nen_user_id_UNIQUE` (`nen_user_id`),
  KEY `city_id` (`city_id`),
  CONSTRAINT `fk_user_key` FOREIGN KEY (`city_id`) REFERENCES `city` (`city_id`) ON DELETE NO ACTION ON UPDATE NO ACTION
) ENGINE=InnoDB DEFAULT CHARSET=latin1;

/*Data for the table `user` */

insert  into `user`(`user_id`,`nen_user_id`,`user_title`,`first_name`,`last_name`,`gender`,`dob`,`email`,`mobile`,`address1`,`address2`,`city_id`,`postcode`,`profile_image_path`,`linkedin_profile_url`,`is_profile_complete`,`user_type`,`user_status`,`is_mobile_verified`,`is_email_verified`,`create_systemuser_id`,`create_timestamp`,`update_systemuser_id`,`update_timestamp`) values (1,1,'Mr','prabhuvtest','sundaram twst','Male','2016-03-07','dannylarenz@gmail.com','7708958177','chennai','vadapalani',1,'600033','20151019_150601.jpg','http://linkedin.com',1,1,1,0,0,1,'2016-03-06 03:03:59',0,'2016-03-10 17:19:12'),(2,2,'Mr','raja rajan','Sangaralingam','Male','1980-02-24','rajaram@mercuryminds.com','546474','chennai','chennai',1,'600026','Screenshot_2016-02-15-17-13-24.png','http://linkedin.com/deshvenkatesh',0,1,1,1,1,1,'2016-03-06 03:03:59',0,'2016-03-10 10:14:55'),(3,3,'Miss','rajaraman','flowers','Female','1992-02-16','Madhu@yahoo.com','098765432','madurai','madurai',1,'626203','Screenshot_2016-01-21-11-33-48.png','http://LinkedIn. com/deshvenkatesh',1,2,1,0,1,0,'2016-03-06 03:03:59',0,'2016-03-09 18:39:48'),(4,4,'Mr','Hariz','Kalita','Male','1992-02-15','Hariz@hotmail.com','1234567890','theni','theni',151,'600514','4.jpg','http://LinkedIn. com/deshvenkatesh',1,2,1,1,0,0,'2016-03-06 03:03:59',0,'2016-03-10 18:49:42'),(5,5,'Mr','Satish','Singh','Male','1992-02-15','mariatest2000@yahoo.com','9706468776','Bangalore','Yellenka',151,'600005','','http://LinkedIn. com/deshvenkatesh',1,2,1,0,0,0,'2016-03-06 03:03:59',0,'2016-03-09 18:39:40'),(6,6,'Mr','Saran','Raj','Female','1993-03-15','mercurytest5@gmail.com','9776468775','Kolkata','SaltLake',151,'600045','6.jpg','http://LinkedIn. com/deshvenkatesh',1,1,1,1,1,1,'2016-03-06 03:03:59',1,'2016-03-09 18:39:40'),(7,7,'Mr','Rajasekar','Linkeshwar','Male','1993-03-15','mercurytest15@gmail.com','878996567','Bangalore','Karnataka',151,'500064','Photo0173_001.jpg','http://LinkedIn. com/deshvenkatesh',1,1,1,1,1,1,'2016-03-06 03:03:59',1,'2016-03-09 18:39:41'),(9,9,'Mrs','Rajaram raja','testing','Female','1993-03-15','mercurytest17@gmail.com','878996568','Amguri','Assam',1,'7890776','images.jpg','http://LinkedIn. com/deshvenkatesh',1,1,1,1,1,1,'2016-03-06 03:03:59',1,'2016-03-09 18:39:42'),(10,10,'Mr','SatishSingh','Singh','Male','1993-03-15','mercurytest135@gmail.com','878996599','chennai','Tamil nadu',1506,'7890778','10.jpg','http://LinkedIn. com/deshvenkatesh',1,2,1,1,1,1,'2016-03-06 03:03:59',1,'2016-03-09 18:39:42'),(11,11,'Mr','SatishkrSingh','Singam','Male','1993-03-15','bittusingh66@gmail.com','878996596','chennai','Tamil nadu',151,'6890778','images (1).jpg','http://LinkedIn.com/deshvenkatesh',1,1,1,1,1,1,'2016-03-06 03:03:59',1,'2016-03-15 23:36:52'),(12,12,'Mr','Prabhu','Sudar','Female','1993-03-15','testsingh66@gmail.com','778996596','chennai','Tamil nadu',1506,'5590778','12.jpg','http://LinkedIn. com/deshvenkatesh',1,1,1,1,1,1,'2016-03-06 03:03:59',1,'2016-03-09 18:39:43'),(13,13,'Mrs','Sundaram','Boyylt','Male','2003-03-15','satishkumar.singh@gmail.com','888996596','Tinsukia','Assam',181,'4490778','13.jpg','http://LinkedIn. com/deshvenkatesh',1,1,1,1,1,1,'2016-03-06 03:03:59',1,'2016-03-09 18:39:43'),(14,14,'Mr','Iyyapan','PAch','Female','2003-03-15','testkumar.singh@gmail.com','875476889','Tinsukia','Assam',181,'4490777','14.jpg','http://LinkedIn. com/deshvenkatesh',0,1,1,1,1,0,'2016-03-06 03:03:59',0,'2016-03-09 18:39:44'),(15,15,'Mrs','Pacchiyapan',' payam','Male','2003-03-15','lawrence.danny@gmail.com','875476888','Velore','Tamil nadu',181,'2490778','15.jpg','http://LinkedIn. com/deshvenkatesh',1,1,1,1,1,1,'2016-03-06 03:03:59',1,'2016-03-09 18:39:44'),(16,16,'Mr','Ragul','Tintong','Male','2004-03-15','law.danny@gmail.com','875576888','Coimbatore','Tamil nadu',1506,'2490778','16.jpg','http://LinkedIn. com/deshvenkatesh',1,1,1,1,1,1,'2016-03-06 03:03:59',1,'2016-03-09 18:39:45'),(17,17,'Mr','Krishh','Tik tak','FeMale','2006-04-16','satish@gmail.com','676576889','Coimbatore','Tamil nadu',1174,'2490776','17.jpg','http://LinkedIn. com/deshvenkatesh',0,1,1,1,1,1,'2016-03-06 03:03:59',1,'2016-03-09 18:39:46'),(18,18,'Mr','Benjamin','Frnklin','Male','2006-04-16','satish333@gmail.com','999976889','Coimbatore','Tamil nadu',1,'2490776','18.jpg','http://LinkedIn. com/deshvenkatesh',1,1,1,1,1,1,'2016-03-06 03:03:59',1,'2016-03-08 17:01:57'),(19,19,'Miss','Betshpan','Bejabarua','Female','2006-04-16','satish173@gmail.com','999876889','Madurai','Tamil nadu',1,'2490778','19.jpg','http://LinkedIn. com/deshvenkatesh',1,1,1,1,1,1,'2016-03-06 03:03:59',1,'2016-03-09 18:39:49'),(20,20,'Mr','Benjamin','Bejabaru','Male','2007-04-17','satish183@gmail.com','999876888','Bangalore','Karnataka',151,'2490775','20.jpg','http://LinkedIn. com/deshvenkatesh',1,1,0,0,0,0,'2016-03-06 03:03:59',1,'2016-03-09 18:39:48');

/*Table structure for table `user_settings` */

DROP TABLE IF EXISTS `user_settings`;

CREATE TABLE `user_settings` (
  `user_settings_id` int(8) unsigned NOT NULL AUTO_INCREMENT,
  `user_id` int(8) NOT NULL,
  `settings_meta` text NOT NULL,
  `create_systemuser_id` int(8) NOT NULL,
  `create_timestamp` datetime DEFAULT NULL,
  `update_systemuser_id` int(8) NOT NULL,
  `update_timestamp` timestamp NOT NULL DEFAULT CURRENT_TIMESTAMP ON UPDATE CURRENT_TIMESTAMP,
  PRIMARY KEY (`user_settings_id`),
  KEY `user_id` (`user_id`),
  CONSTRAINT `fk_usersettings_userid` FOREIGN KEY (`user_id`) REFERENCES `user` (`user_id`) ON DELETE NO ACTION ON UPDATE NO ACTION
) ENGINE=InnoDB DEFAULT CHARSET=latin1;

/*Data for the table `user_settings` */

/*!40101 SET SQL_MODE=@OLD_SQL_MODE */;
/*!40014 SET FOREIGN_KEY_CHECKS=@OLD_FOREIGN_KEY_CHECKS */;
/*!40014 SET UNIQUE_CHECKS=@OLD_UNIQUE_CHECKS */;
/*!40111 SET SQL_NOTES=@OLD_SQL_NOTES */;
